Ticker,Company,Market,Type
VVS,Cong ty Co phan Dau tu Phat trien May Viet Nam,UPCOMINDEX,stock
VMK,Cong ty Co Phan Vimarko,UPCOMINDEX,stock
HIO,Cong ty Co Phan Helio Energy,UPCOMINDEX,stock
SBG,Cong ty Co Phan Tap Doan Co Khi Cong Nghe Cao Siba,VNINDEX,stock
THM,Cong ty Co phan Tu Hai Ha Nam,UPCOMINDEX,stock
HSV,Cong ty Co phan Tap doan HSV Viet Nam,UPCOMINDEX,stock
CST,Cong ty Co phan Than Cao Son - TKV,UPCOMINDEX,stock
BVL,Cong ty Co phan BV Land,UPCOMINDEX,stock
SGI,Cong ty Co phan Dau tu phat trien Sai Gon 3 Group,UPCOMINDEX,stock
TOS,Cong ty Co phan Dich vu bien Tan Cang,UPCOMINDEX,stock
VTZ,Cong ty Co phan San xuat va Thuong mai Nhua Viet Thanh,HNXINDEX,stock
SSH,Cong ty Co phan Phat trien Sunshine Homes,UPCOMINDEX,stock
BCA,Cong ty co phan B.C.H,UPCOMINDEX,stock
FUCTVGF3,Quy Dau tu Tang truong Thien Viet 3,VNINDEX,stock
FUEIP100,Quy ETF IPAAM VN100,VNINDEX,stock
GMH,Cong ty Co phan Minh Hung Quang Tri,VNINDEX,stock
BIG,Cong ty co phan BIG Invest Group,UPCOMINDEX,stock
CMM,Cong ty Co phan Camimex,UPCOMINDEX,stock
FUEKIV30,Quy ETF KIM GROWTH VN30,VNINDEX,stock
ODE,Cong ty co phan Tap doan Truyen thong va Giai tri ODE,UPCOMINDEX,stock
HMR,Cong ty co phan Da Hoang Mai,HNXINDEX,stock
PCH,Cong ty Co phan Nhua Picomat,HNXINDEX,stock
DSD,Cong ty co phan DHC Suoi Doi,UPCOMINDEX,stock
NO1,Cong ty Co phan Tap doan 911,VNINDEX,stock
MGR,Cong ty co phan Tap doan MGROUP,UPCOMINDEX,stock
PPT,Cong ty co phan Petro Times,HNXINDEX,stock
CAR,Cong ty co phan Tap doan Giao duc Tri Viet,UPCOMINDEX,stock
GPC,Cong ty Co phan Tap doan Green+,UPCOMINDEX,stock
FUCTVGF4,Quy Dau tu Tang truong Thien Viet 4,VNINDEX,stock
FUEDCMID,Quy ETF DCVFMVNMIDCAP,VNINDEX,stock
FUEKIVFS,Quy ETF KIM GROWTH VNFINSELECT,VNINDEX,stock
FUEMAVND,Quy ETF MAFM VNDIAMOND,VNINDEX,stock
FUEFCV50,Quy ETF FPT CAPITAL VNX50,VNINDEX,stock
FUEBFVND,Quy ETF BVFVN DIAMOND,VNINDEX,stock
FUCTVGF5,Quy dau tu tang truong Thien Viet 5,VNINDEX,stock
AAH,Cong ty Co phan Hop Nhat,UPCOMINDEX,stock
D17,Cong ty Co Phan Dong Tan,UPCOMINDEX,stock
GCF,Cong ty Co phan Thuc pham G.C,UPCOMINDEX,stock
LPT,Cong ty Co phan Thuong mai va San xuat Lap Phuong Thanh,UPCOMINDEX,stock
AAA,Cong ty Co phan Nhua An Phat Xanh,VNINDEX,stock
AAM,Cong ty Co Phan Thuy San MeKong,VNINDEX,stock
AAT,Cong ty Co phan Tap doan Tien Son Thanh Hoa,VNINDEX,stock
AAV,Cong ty Co phan AAV Group,HNXINDEX,stock
ABB,Ngan hang Thuong mai Co phan An Binh,UPCOMINDEX,stock
ABI,Cong ty Co phan Bao hiem Ngan hang Nong Nghiep,UPCOMINDEX,stock
ABR,Cong ty Co phan Dau tu Nhan Hieu Viet,VNINDEX,stock
ABS,Cong ty Co phan Dich vu Nong nghiep Binh Thuan,VNINDEX,stock
ABW,Cong ty Co phan Chung khoan An Binh,UPCOMINDEX,stock
ABT,Cong ty Co phan Xuat nhap khau Thuy san Ben Tre,VNINDEX,stock
ACB,Ngan hang Thuong mai Co phan A Chau,VNINDEX,stock
ACC,Cong ty Co phan Dau tu va Xay dung Binh Duong ACC,VNINDEX,stock
ACE,Cong ty Co phan Be tong ly tam An Giang,UPCOMINDEX,stock
ACL,Cong ty Co phan Xuat nhap khau Thuy san Cuu Long An Giang,VNINDEX,stock
ACM,Cong ty Co phan Tap doan Khoang san A Cuong,UPCOMINDEX,stock
ACS,Cong ty Co phan Xay lap Thuong mai 2,UPCOMINDEX,stock
ACV,Tong Cong ty Cang Hang khong Viet Nam - CTCP,UPCOMINDEX,stock
ADC,Cong ty Co phan Mi thuat va Truyen thong,HNXINDEX,stock
ADP,Cong ty Co phan Son A Dong,VNINDEX,stock
AFX,Cong ty Co phan Xuat Nhap khau Nong san Thuc pham An Giang,UPCOMINDEX,stock
AGF,Cong ty Co phan Xuat nhap khau Thuy san An Giang,UPCOMINDEX,stock
CKA,Cong ty Co phan Co khi An Giang,UPCOMINDEX,stock
AGP,Cong ty Co phan Duoc pham AGIMEXPHARM,UPCOMINDEX,stock
AGM,Cong ty Co phan Xuat nhap khau An Giang,VNINDEX,stock
CAG,Cong ty Co phan Cang An Giang,HNXINDEX,stock
LTG,Cong ty Co phan Tap doan Loc Troi,UPCOMINDEX,stock
AGR,Cong ty Co phan Chung khoan AGRIBANK,VNINDEX,stock
AGG,Cong ty Co phan Dau tu va Phat trien Bat dong san An Gia,VNINDEX,stock
AGX,Cong ty Co phan Thuc pham Nong san Xuat khau Sai Gon,UPCOMINDEX,stock
AG1,Cong ty Co phan 28.1,UPCOMINDEX,stock
ALT,Cong ty Co phan Van hoa Tan Binh,HNXINDEX,stock
ALV,Cong ty Co phan Xay dung ALVICO,UPCOMINDEX,stock
AMC,Cong ty Co phan Khoang san A Chau,HNXINDEX,stock
AMD,Cong ty Co phan Dau tu va Khoang san FLC Stone,UPCOMINDEX,stock
AME,Cong ty co phan Alphanam E&C,HNXINDEX,stock
AMP,Cong ty Co phan Armephaco,UPCOMINDEX,stock
AMV,Cong ty Co phan San xuat Kinh doanh Duoc va Trang thiet bi Y te Viet My,HNXINDEX,stock
ACG,Cong ty Co phan Go An Cuong,VNINDEX,stock
NCG,Cong ty Co phan Tap doan Nova Consumer,UPCOMINDEX,stock
ANT,Cong ty Co phan Rau qua Thuc pham An Giang,UPCOMINDEX,stock
ANV,Cong ty Co phan Nam Viet,VNINDEX,stock
APC,Cong ty Co phan Chieu xa An Phu,VNINDEX,stock
APF,Cong ty Co phan Nong san Thuc pham Quang Ngai,UPCOMINDEX,stock
APG,Cong ty Co phan Chung khoan APG,VNINDEX,stock
APH,Cong ty Co phan Tap doan An Phat Holdings,VNINDEX,stock
API,Cong ty Co phan Dau tu Chau A - Thai Binh Duong,HNXINDEX,stock
APL,Cong ty Co phan Co khi va Thiet bi ap luc - VVMI,UPCOMINDEX,stock
APP,Cong ty Co phan Phat trien Phu gia va San pham dau mo,UPCOMINDEX,stock
APS,Cong ty Co phan Chung khoan Chau A - Thai Binh Duong,HNXINDEX,stock
HII,Cong ty Co phan An Tien Industries,VNINDEX,stock
ARM,Cong ty Co phan Xuat nhap khau Hang khong,HNXINDEX,stock
ASA,Cong ty Co phan ASA,UPCOMINDEX,stock
A32,Cong ty Co phan 32,UPCOMINDEX,stock
ASG,Cong ty Co phan Tap doan ASG,VNINDEX,stock
ASM,Cong ty Co phan Tap doan Sao Mai,VNINDEX,stock
ASP,Cong ty Co phan Tap doan Dau khi An Pha,VNINDEX,stock
ATA,Cong ty Co phan NTACO,UPCOMINDEX,stock
ATG,Cong ty Co phan An Truong An,UPCOMINDEX,stock
ATB,Cong ty Co phan An Thinh,UPCOMINDEX,stock
ATS,Cong ty Co phan Tap doan Duoc pham Atesco,HNXINDEX,stock
AVF,Cong ty Co phan Viet An,UPCOMINDEX,stock
AVC,Cong ty Co phan Thuy dien A Vuong,UPCOMINDEX,stock
B82,Cong ty Co phan 482,UPCOMINDEX,stock
BAF,Cong ty Co phan Nong nghiep BAF Viet Nam,VNINDEX,stock
BAL,Cong ty Co phan Bao bi Bia - Ruou - Nuoc giai khat,UPCOMINDEX,stock
BCV,Cong ty co phan Du lich va Thuong mai Bang Giang Cao Bang - Vimico,UPCOMINDEX,stock
BNA,Cong ty Co phan Dau tu San xuat Bao Ngoc,HNXINDEX,stock
BRR,Cong ty Co phan Cao su Ba Ria,UPCOMINDEX,stock
BBC,Cong ty Co phan Bibica,VNINDEX,stock
VLB,Cong ty Co phan Xay dung va San xuat Vat lieu Xay dung Bien Hoa,UPCOMINDEX,stock
BBH,Cong ty Co phan Bao bi Hoang Thach,UPCOMINDEX,stock
BBS,Cong ty Co phan VICEM Bao bi But Son,HNXINDEX,stock
BBT,Cong ty Co phan Bong Bach Tuyet,UPCOMINDEX,stock
BCB,Cong ty Co phan 397,UPCOMINDEX,stock
BCC,Cong ty Co phan Xi mang Bim Son,HNXINDEX,stock
BCE,Cong ty Co phan Xay dung va Giao thong Binh Duong,VNINDEX,stock
BCG,Cong ty Co phan Tap doan Bamboo Capital,VNINDEX,stock
BCR,Cong ty Co phan BCG Land,UPCOMINDEX,stock
BCP,Cong ty Co phan Duoc Enlie,UPCOMINDEX,stock
BDB,Cong ty Co phan Sach va Thiet bi Binh Dinh,HNXINDEX,stock
MVC,Cong ty Co phan Vat lieu va Xay dung Binh Duong,UPCOMINDEX,stock
BFC,Cong ty Co phan Phan bon Binh Dien,VNINDEX,stock
BDG,Cong ty Co phan May mac Binh Duong,UPCOMINDEX,stock
BSA,Cong ty Co phan Thuy dien Buon Don,UPCOMINDEX,stock
PRT,Tong Cong ty San xuat - Xuat nhap khau Binh Duong - Cong ty co phan,UPCOMINDEX,stock
BDW,Cong ty Co phan Cap thoat nuoc Binh Dinh,UPCOMINDEX,stock
BED,Cong ty Co phan Sach va Thiet bi truong hoc Da Nang,HNXINDEX,stock
BEL,Cong ty Co phan Dien tu Bien Hoa,UPCOMINDEX,stock
NBT,Cong ty Co phan Cap thoat nuoc Ben Tre,UPCOMINDEX,stock
BGW,Cong ty Co phan Nuoc sach Bac Giang,UPCOMINDEX,stock
BHA,Cong ty co phan Thuy dien Bac Ha,UPCOMINDEX,stock
BHC,Cong ty Co phan Be tong Bien Hoa,UPCOMINDEX,stock
BHK,Cong ty Co phan Bia Ha Noi - Kim Bai,UPCOMINDEX,stock
BHN,Tong Cong ty Co phan Bia - Ruou - Nuoc giai khat Ha Noi,VNINDEX,stock
BHP,Cong ty Co phan Bia Ha Noi - Hai Phong,UPCOMINDEX,stock
BIC,Tong Cong ty Co phan Bao hiem Ngan hang Dau tu va Phat trien Viet Nam,VNINDEX,stock
BID,Ngan hang Thuong mai Co phan Dau tu va Phat trien Viet Nam,VNINDEX,stock
BCM,Tong Cong ty Dau tu va Phat trien Cong nghiep - CTCP,VNINDEX,stock
BLT,Cong ty Co phan Luong thuc Binh Dinh,UPCOMINDEX,stock
DBD,Cong ty Co phan Duoc - Trang thiet bi y te Binh Dinh,VNINDEX,stock
BHG,Cong ty Co phan Che Bien Ho,UPCOMINDEX,stock
BII,Cong ty Co phan Dau tu va Phat trien Cong nghiep Bao Thu,UPCOMINDEX,stock
BIO,Cong ty Co phan Vac xin va Sinh pham Nha Trang,UPCOMINDEX,stock
BWE,Cong ty Co phan - Tong cong ty Nuoc - Moi truong Binh Duong,VNINDEX,stock
BKC,Cong ty Co phan Khoang san Bac Kan,HNXINDEX,stock
BKG,Cong ty Co phan Dau tu BKG Viet Nam,VNINDEX,stock
BLF,Cong ty Co phan Thuy san Bac Lieu,UPCOMINDEX,stock
BLI,Tong Cong ty Co phan Bao hiem Bao Long,UPCOMINDEX,stock
MH3,Cong ty Co phan Khu cong nghiep Cao su Binh Long,UPCOMINDEX,stock
DTB,Cong ty Co phan Cong trinh Do thi Bao Loc,UPCOMINDEX,stock
BMC,Cong ty Co phan Khoang san Binh Dinh,VNINDEX,stock
BMD,Cong ty Co phan Moi truong va Dich vu Do thi Binh Thuan,UPCOMINDEX,stock
BMF,Cong ty Co phan Vat lieu Xay dung va Chat dot Dong Nai,UPCOMINDEX,stock
BMI,Tong Cong ty Co phan Bao Minh,VNINDEX,stock
BMG,Cong ty Co phan May Binh Minh,UPCOMINDEX,stock
BMJ,Cong ty Co phan Khoang san Mien Dong AHP,UPCOMINDEX,stock
BMN,Cong ty Co phan 715,UPCOMINDEX,stock
BMP,Cong ty Co phan Nhua Binh Minh,VNINDEX,stock
BMS,Cong ty Co phan Chung khoan Bao Minh,UPCOMINDEX,stock
MBN,Cong ty Co phan Moi truong va Cong trinh do thi Bac Ninh,UPCOMINDEX,stock
BNW,Cong ty Co phan Nuoc sach Bac Ninh,UPCOMINDEX,stock
BOT,Cong ty Co phan BOT Cau Thai Ha,UPCOMINDEX,stock
BPC,Cong ty Co phan Vicem Bao bi Bim Son,HNXINDEX,stock
BRC,Cong ty Co phan Cao su Ben Thanh,VNINDEX,stock
BRS,Cong ty Co phan Dich vu Do thi Ba Ria,UPCOMINDEX,stock
VTG,Cong ty Co phan Du lich tinh Ba Ria - Vung Tau,UPCOMINDEX,stock
BSC,Cong ty Co phan Dich vu Ben Thanh,HNXINDEX,stock
BSP,Cong ty Co phan Bia Sai Gon - Phu Tho,UPCOMINDEX,stock
BHI,Tong Cong ty Co phan Bao hiem Sai Gon - Ha Noi,UPCOMINDEX,stock
BSI,Cong ty Co phan Chung khoan BIDV,VNINDEX,stock
BSR,Cong ty Co phan Loc Hoa dau Binh Son,UPCOMINDEX,stock
BST,Cong ty Co phan Sach va Thiet bi Binh Thuan,HNXINDEX,stock
BT6,Cong ty Co phan BETON 6,UPCOMINDEX,stock
BTG,Cong ty Co phan Bao bi Tien Giang,UPCOMINDEX,stock
BTH,Cong ty Co phan Che tao Bien the va Vat lieu Dien Ha Noi,UPCOMINDEX,stock
BTN,Cong ty Co phan Dau tu Bitco Binh Dinh,UPCOMINDEX,stock
BTP,Cong ty Co phan Nhiet dien Ba Ria,VNINDEX,stock
BTS,Cong ty Co phan Xi mang VICEM But Son,HNXINDEX,stock
BTT,Cong ty Co phan Thuong mai - Dich vu Ben Thanh,VNINDEX,stock
BTD,Cong ty Co phan Be tong ly tam Thu Duc,UPCOMINDEX,stock
BTV,Cong ty Co phan Dich vu Du lich Ben Thanh,UPCOMINDEX,stock
BTU,Cong ty Co phan Cong trinh Do thi Ben Tre,UPCOMINDEX,stock
BTW,Cong ty Co phan Cap nuoc Ben Thanh,HNXINDEX,stock
BLN,Cong ty Co phan Van tai va Dich vu Lien Ninh,UPCOMINDEX,stock
BVG,Cong ty co phan Group Bac Viet,UPCOMINDEX,stock
BVH,Tap doan Bao Viet,VNINDEX,stock
BVN,Cong ty Co phan Bong Viet Nam,UPCOMINDEX,stock
TNH,Cong ty Co phan Benh vien Quoc te Thai Nguyen,VNINDEX,stock
BVS,Cong ty Co phan Chung khoan Bao Viet,HNXINDEX,stock
BWA,Cong ty Co phan Cap thoat nuoc va Xay dung Bao Loc,UPCOMINDEX,stock
BWS,Cong ty Co phan Cap Nuoc Ba Ria - Vung Tau,UPCOMINDEX,stock
BXH,Cong ty Co phan VICEM Bao bi Hai Phong,HNXINDEX,stock
HNB,Cong ty Co phan Ben xe Ha Noi,UPCOMINDEX,stock
C69,Cong ty Co phan Xay dung 1369,HNXINDEX,stock
C21,Cong ty Co phan The ky 21,UPCOMINDEX,stock
C22,Cong ty Co phan 22,UPCOMINDEX,stock
C32,Cong ty Co phan CIC39,VNINDEX,stock
C47,Cong ty Co phan Xay dung 47,VNINDEX,stock
TS3,Cong ty Co phan Truong Son 532,UPCOMINDEX,stock
C92,Cong ty Co phan Xay dung va Dau tu 492,UPCOMINDEX,stock
CAD,Cong ty Co phan Che bien va Xuat khau Thuy san Cadovimex,UPCOMINDEX,stock
CPA,Cong ty Co phan Ca phe Phuoc An,UPCOMINDEX,stock
CFV,Cong ty Co phan Ca phe Thang Loi,UPCOMINDEX,stock
CAN,Cong ty Co phan Do hop Ha Long,HNXINDEX,stock
CCT,Cong ty Co phan Cang Can Tho,UPCOMINDEX,stock
CAP,Cong ty Co phan Lam Nong san Thuc pham Yen Bai,HNXINDEX,stock
CCA,Cong ty Co phan Xuat nhap khau Thuy san Can Tho,UPCOMINDEX,stock
HFB,Cong ty Co phan Cong trinh Cau pha Thanh pho Ho Chi Minh,UPCOMINDEX,stock
CAV,Cong ty CP Day cap dien Viet Nam,VNINDEX,stock
CMW,Cong ty Co phan Cap nuoc Ca Mau,UPCOMINDEX,stock
KCB,Cong ty Co phan Khoang San va Luyen Kim Cao Bang,UPCOMINDEX,stock
CBS,Cong ty Co phan Mia duong Cao Bang,UPCOMINDEX,stock
CCI,Cong ty Co phan Dau tu Phat trien Cong nghiep Thuong mai Cu Chi,VNINDEX,stock
CCL,Cong ty Co phan Dau tu va Phat trien Do thi Dau khi Cuu Long,VNINDEX,stock
VSM,Cong ty Co phan Container Mien Trung,HNXINDEX,stock
CCM,Cong ty Co phan Khoang san va Xi mang Can Tho,UPCOMINDEX,stock
CCR,Cong ty Co phan Cang Cam Ranh,HNXINDEX,stock
CDC,Cong ty Co phan Chuong Duong,VNINDEX,stock
CDH,Cong ty Co phan Cong trinh Cong cong va Dich vu Du lich Hai Phong,UPCOMINDEX,stock
CDG,Cong ty Co phan Cau Duong,UPCOMINDEX,stock
CDO,Cong ty Co phan Tu van Thiet ke va Phat trien Do thi,UPCOMINDEX,stock
CEN,Cong ty Co phan CENCON Viet Nam,UPCOMINDEX,stock
CRE,Cong ty Co phan Bat dong san The Ky,VNINDEX,stock
STK,Cong ty Co phan Soi The Ky,VNINDEX,stock
CEO,Cong ty Co phan Tap doan C.E.O,HNXINDEX,stock
TW3,Cong ty Co phan Duoc Trung Uong 3,UPCOMINDEX,stock
CFM,Cong ty Co phan Dau tu CFM,UPCOMINDEX,stock
CH5,Cong ty Co phan Xay dung so 5 Ha Noi,UPCOMINDEX,stock
CHC,Cong ty Co phan Cam Ha,UPCOMINDEX,stock
CLX,Cong ty Co phan Xuat nhap khau va Dau tu Cho Lon (CHOLIMEX),UPCOMINDEX,stock
CHP,Cong ty Co phan Thuy dien Mien Trung,VNINDEX,stock
CI5,Cong ty Co phan Dau tu Xay dung so 5,UPCOMINDEX,stock
CID,Cong ty Co phan Xay dung va Phat trien Co so Ha tang,UPCOMINDEX,stock
CE1,Cong ty Co phan Xay dung va Thiet bi Cong nghiep CIE1,UPCOMINDEX,stock
CEG,Cong ty Co phan Tap doan Xay dung va Thiet bi Cong nghiep,UPCOMINDEX,stock
C4G,Cong ty Co phan Tap Doan Cienco4,UPCOMINDEX,stock
C12,Cong ty Co phan Cau 12,UPCOMINDEX,stock
CIG,Cong ty Co phan COMA 18,VNINDEX,stock
CII,Cong ty Co phan Dau tu Ha tang Ky thuat Thanh pho Ho Chi Minh,VNINDEX,stock
CKG,Cong ty Co phan Tap doan Tu van Dau tu Xay dung Kien Giang,VNINDEX,stock
CIP,Cong ty Co phan Xay lap va San xuat Cong nghiep,UPCOMINDEX,stock
CBI,Cong ty Co phan Gang thep Cao Bang,UPCOMINDEX,stock
CJC,Cong ty Co phan Co dien Mien Trung,HNXINDEX,stock
CK8,Cong ty Co phan Co khi 120,UPCOMINDEX,stock
CKD,Cong ty Co phan Co khi Dong Anh Licogi,UPCOMINDEX,stock
CMK,Cong ty Co phan Co khi Mao Khe - Vinacomin,UPCOMINDEX,stock
CKV,Cong ty Co phan CokyVina,HNXINDEX,stock
CLC,Cong ty Co phan Cat Loi,VNINDEX,stock
ADG,Cong ty Co phan Clever Group,VNINDEX,stock
CLG,Cong ty Co phan Dau tu va Phat trien Nha dat Cotec,UPCOMINDEX,stock
CLL,Cong ty Co phan Cang Cat Lai,VNINDEX,stock
CMF,Cong ty Co phan Thuc pham Cholimex,UPCOMINDEX,stock
CLW,Cong ty Co phan Cap nuoc Cho Lon,VNINDEX,stock
TVH,Cong ty Co phan Tu van Xay dung cong trinh Hang hai,UPCOMINDEX,stock
CMC,Cong ty Co phan Dau tu CMC,HNXINDEX,stock
TIN,Cong ty Tai chinh Co phan Tin Viet,UPCOMINDEX,stock
CMG,Cong ty Co phan Tap doan Cong nghe CMC,VNINDEX,stock
CMI,Cong ty Co phan CMISTONE Viet Nam,UPCOMINDEX,stock
CMD,Cong ty Co phan Vat lieu xay dung va Trang tri noi that TP Ho Chi Minh,UPCOMINDEX,stock
CMP,Cong ty Co phan Cang Chan May,UPCOMINDEX,stock
CMS,Cong ty Co phan Tap doan CMH Viet Nam,HNXINDEX,stock
CAT,Cong ty Co phan Thuy san Ca Mau,UPCOMINDEX,stock
CMT,Cong ty Co phan Cong nghe mang va Truyen thong,UPCOMINDEX,stock
CMV,Cong ty Co phan Thuong nghiep Ca Mau,VNINDEX,stock
CMX,Cong ty Co phan CAMIMEX Group,VNINDEX,stock
CNC,Cong ty Co phan Cong nghe cao Traphaco,UPCOMINDEX,stock
CNG,Cong ty Co phan CNG Viet Nam,VNINDEX,stock
CNT,Cong ty Co phan Tap doan CNT,UPCOMINDEX,stock
CC1,Tong Cong ty Xay dung so 1 - CTCP,UPCOMINDEX,stock
CDP,Cong ty Co phan Duoc pham Trung uong Codupha,UPCOMINDEX,stock
COM,Cong ty Co phan Vat tu Xang dau,VNINDEX,stock
TCK,Tong Cong ty Co khi Xay dung - CTCP,UPCOMINDEX,stock
CMN,Cong ty Co phan Luong thuc Thuc pham Colusa - Miliket,UPCOMINDEX,stock
ICN,Cong ty Co phan Dau tu Xay dung Dau khi IDICO,UPCOMINDEX,stock
CNN,"Cong ty Co phan Tu van Cong nghe, Thiet bi va Kiem dinh Xay dung - CONINCO",UPCOMINDEX,stock
CPC,Cong ty Co phan Thuoc sat trung Can Tho,HNXINDEX,stock
DP1,Cong ty Co phan Duoc pham Trung uong CPC1,UPCOMINDEX,stock
DTP,Cong ty Co phan Duoc pham CPC1 Ha Noi,UPCOMINDEX,stock
CPH,Cong ty Co phan Phuc vu Mai tang Hai Phong,UPCOMINDEX,stock
CPI,Cong ty Co phan Dau tu Cang Cai Lan,UPCOMINDEX,stock
CIA,Cong ty Co Phan Dich Vu San Bay Quoc Te Cam Ranh,HNXINDEX,stock
CRC,Cong ty Co phan Create Capital Viet Nam,VNINDEX,stock
CSC,Cong ty Co phan Tap doan COTANA,HNXINDEX,stock
SGP,Cong ty Co phan Cang Sai Gon,UPCOMINDEX,stock
CSM,Cong ty Co phan Cong nghiep Cao su Mien Nam,VNINDEX,stock
CSV,Cong ty Co phan Hoa chat Co ban mien Nam,VNINDEX,stock
CT3,Cong ty Co phan Dau tu va Xay dung cong trinh 3,UPCOMINDEX,stock
CT6,Cong ty Co phan Cong trinh 6,UPCOMINDEX,stock
CTA,Cong ty Co phan Vinavico,UPCOMINDEX,stock
CTB,Cong ty Co phan Che tao Bom Hai Duong,HNXINDEX,stock
CTC,Cong ty Co phan Tap doan Hoang Kim Tay Nguyen,HNXINDEX,stock
CTD,Cong ty Co phan Xay dung Coteccons,VNINDEX,stock
CTF,Cong ty Co phan City Auto,VNINDEX,stock
CTG,Ngan hang Thuong mai Co phan Cong thuong Viet Nam,VNINDEX,stock
GTS,Cong ty Co phan Cong trinh Giao thong Sai Gon,UPCOMINDEX,stock
CTI,Cong ty Co phan Dau tu Phat trien Cuong Thuan IDICO,VNINDEX,stock
ICT,Cong ty Co phan Vien thong - Tin hoc Buu dien,VNINDEX,stock
CTN,Cong ty Co phan Xay dung Cong trinh ngam,UPCOMINDEX,stock
CTP,Cong ty Co phan Minh Khang Capital Trading Public,HNXINDEX,stock
CTR,Tong Cong ty Co phan Cong trinh Viettel,VNINDEX,stock
CTS,Cong ty Co phan Chung khoan Ngan hang Cong thuong Viet Nam,VNINDEX,stock
CTT,Cong ty Co phan Che tao may Vinacomin,HNXINDEX,stock
TTS,Cong ty Co phan Can thep Thai Trung,UPCOMINDEX,stock
CTW,Cong ty Co phan Cap thoat nuoc Can Tho,UPCOMINDEX,stock
CTX,Tong Cong ty Co phan Dau tu Xay dung va Thuong mai Viet Nam,UPCOMINDEX,stock
CVN,Cong ty Co phan Vinam,HNXINDEX,stock
CVT,Cong ty Co phan CMC,VNINDEX,stock
CX8,Cong ty Co phan Dau tu va Xay lap Constrexim so 8,HNXINDEX,stock
CYC,Cong ty Co phan Gach men Chang Yih,UPCOMINDEX,stock
D11,Cong ty Co phan Dia oc 11,HNXINDEX,stock
D2D,Cong ty Co phan Phat trien Do thi Cong nghiep so 2,VNINDEX,stock
DAC,Cong ty Co phan 382 Dong Anh,UPCOMINDEX,stock
DCR,Cong ty Co phan Gach men COSEVCO,UPCOMINDEX,stock
DAD,Cong ty Co phan Dau tu va Phat trien Giao duc Da Nang,HNXINDEX,stock
DAE,Cong ty Co phan Sach Giao duc tai Thanh pho Da Nang,HNXINDEX,stock
DAG,Cong ty Co phan Tap doan Nhua Dong A,VNINDEX,stock
DCG,Cong ty Co phan Tong Cong ty May Dap Cau,UPCOMINDEX,stock
DAH,Cong ty Co phan Tap doan Khach san Dong A,VNINDEX,stock
DRG,Cong ty Co phan Cao su Dak Lak,UPCOMINDEX,stock
DRI,Cong ty Co phan Dau tu Cao su Dak Lak,UPCOMINDEX,stock
UDL,Cong ty Co phan Do thi va Moi truong Dak Lak,UPCOMINDEX,stock
DWC,Cong ty Co phan Cap nuoc Dak Lak,UPCOMINDEX,stock
DHB,Cong ty Co phan Phan dam va Hoa chat Ha Bac,UPCOMINDEX,stock
ADS,Cong ty Co phan DAMSAN,VNINDEX,stock
DAN,Cong ty Co phan Duoc Danapha,UPCOMINDEX,stock
DNE,Cong ty Co phan Moi truong Do thi Da Nang,UPCOMINDEX,stock
DAS,Cong ty Co phan May - Thiet bi Dau khi Da Nang,UPCOMINDEX,stock
DPG,Cong ty Co phan Tap doan Dat Phuong,VNINDEX,stock
DBC,Cong ty Co phan Tap doan Dabaco Viet Nam,VNINDEX,stock
TDB,Cong ty Co phan Thuy dien Dinh Binh,UPCOMINDEX,stock
DBM,Cong ty Co phan Duoc - Vat tu Y te Dak Lak,UPCOMINDEX,stock
DBT,Cong ty Co phan Duoc pham Ben Tre,VNINDEX,stock
DC2,Cong ty Co phan Dau tu Phat trien - Xay dung (DIC) so 2,HNXINDEX,stock
DC4,Cong ty Co phan Xay dung DIC Holdings,VNINDEX,stock
DCL,Cong ty Co phan Duoc pham Cuu Long,VNINDEX,stock
DCM,Cong ty Co phan Phan bon Dau Khi Ca Mau,VNINDEX,stock
DCS,Cong ty Co phan Tap doan Dai Chau,UPCOMINDEX,stock
DCT,Cong ty Co phan Tam lop Vat lieu Xay dung Dong Nai,UPCOMINDEX,stock
VBG,Cong ty Co phan Dia chat Viet Bac - TKV,UPCOMINDEX,stock
DDM,Cong ty Co phan Hang hai Dong Do,UPCOMINDEX,stock
DDN,Cong ty Co phan Duoc - Thiet bi y te Da Nang,UPCOMINDEX,stock
DDV,Cong ty Co phan DAP - Vinachem,UPCOMINDEX,stock
DCF,Cong ty Co phan Xay dung va Thiet ke so 1,UPCOMINDEX,stock
DM7,Cong ty Co phan Det may 7,UPCOMINDEX,stock
DFF,Cong ty Co phan Tap doan Dua Fat,UPCOMINDEX,stock
DGC,Cong ty Co phan Tap doan Hoa chat Duc Giang,VNINDEX,stock
DGT,Cong ty Co phan Cong trinh Giao thong Dong Nai,UPCOMINDEX,stock
DGW,Cong ty Co phan The Gioi So,VNINDEX,stock
DHA,Cong ty Co phan Hoa An,VNINDEX,stock
DHC,Cong ty Co phan Dong Hai Ben Tre,VNINDEX,stock
DHG,Cong ty Co phan Duoc Hau Giang,VNINDEX,stock
DHM,Cong ty Co phan Thuong mai & Khai thac Khoang san Duong Hieu,VNINDEX,stock
DHP,Cong ty Co phan Dien co Hai Phong,HNXINDEX,stock
DHT,Cong ty Co phan Duoc pham Ha Tay,HNXINDEX,stock
DIC,Cong ty Co phan Dau tu va Thuong mai DIC,UPCOMINDEX,stock
DC1,Cong ty Co phan Dau tu Phat trien Xay dung so 1,UPCOMINDEX,stock
DID,Cong ty Co phan DIC - Dong Tien,UPCOMINDEX,stock
TTE,Cong ty Co phan Dau tu Nang luong Truong Thinh,VNINDEX,stock
DIG,Tong Cong ty Co phan Dau tu Phat trien Xay dung,VNINDEX,stock
DIH,Cong ty Co phan Dau tu Phat trien Xay dung - Hoi An,HNXINDEX,stock
DL1,Cong ty Co phan Tap doan Alpha Seven,HNXINDEX,stock
DLD,Cong ty Co phan Du lich Dak Lak,UPCOMINDEX,stock
DLG,Cong ty Co phan Tap doan Duc Long Gia Lai,VNINDEX,stock
DLR,Cong ty Co phan Dia oc Da Lat,UPCOMINDEX,stock
DUS,Cong ty Co phan Dich vu Do thi Da Lat,UPCOMINDEX,stock
DMC,Cong ty Co phan Xuat nhap khau Y te DOMESCO,VNINDEX,stock
DMS,Cong ty Co phan Hoa pham dau khi DMC - Mien Nam,UPCOMINDEX,stock
NSS,Cong ty Co phan Nong suc san Dong Nai,UPCOMINDEX,stock
DNC,Cong ty Co phan Dien nuoc Lap may Hai Phong,HNXINDEX,stock
DNW,Cong ty Co phan Cap nuoc Dong Nai,UPCOMINDEX,stock
DNH,Cong ty Co phan Thuy dien Da Nhim - Ham Thuan - Da Mi,UPCOMINDEX,stock
DNL,Cong ty Co phan Logistics Cang Da Nang,UPCOMINDEX,stock
DNM,Tong Cong ty Co phan Y te Danameco,UPCOMINDEX,stock
DND,Cong ty Co phan Dau tu Xay dung va Vat lieu Dong Nai,UPCOMINDEX,stock
DNN,Cong ty Co phan Cap nuoc Da Nang,UPCOMINDEX,stock
DNP,Cong ty Co phan DNP Holding,HNXINDEX,stock
CDN,Cong ty Co phan Cang Da Nang,HNXINDEX,stock
DSC,Cong ty Co phan Chung khoan DSC,UPCOMINDEX,stock
DNT,Cong ty Co phan Du lich Dong Nai,UPCOMINDEX,stock
DOC,Cong ty Co phan Vat tu nong nghiep Dong Nai,UPCOMINDEX,stock
BSD,"Cong ty Co phan Bia, Ruou Sai Gon - Dong Xuan",UPCOMINDEX,stock
DMN,Cong ty Co phan Domenal,UPCOMINDEX,stock
DOP,Cong ty Co phan Van tai Xang dau Dong Thap,UPCOMINDEX,stock
CDR,Cong ty Co phan Xay dung Cao su Dong Nai,UPCOMINDEX,stock
DWS,Cong ty Co phan Cap nuoc va Moi truong Do thi Dong Thap,UPCOMINDEX,stock
DPC,Cong ty Co phan Nhua Da Nang,HNXINDEX,stock
DPM,Tong Cong ty Phan bon va Hoa chat Dau khi - Cong ty Co phan,VNINDEX,stock
DPP,Cong ty Co phan Duoc Dong Nai,UPCOMINDEX,stock
DPR,Cong ty Co phan Cao su Dong Phu,VNINDEX,stock
DPS,Cong ty Co phan Dau tu Phat trien Soc Son,UPCOMINDEX,stock
DP2,Cong ty Co phan Duoc pham Trung uong 2,UPCOMINDEX,stock
DQC,Cong ty Co phan Tap doan Dien Quang,VNINDEX,stock
DRC,Cong ty Co phan Cao su Da Nang,VNINDEX,stock
DRH,Cong ty Co phan DRH Holdings,VNINDEX,stock
DRL,Cong ty Co phan Thuy dien - Dien luc 3,VNINDEX,stock
DSN,Cong ty Co phan Cong vien nuoc Dam Sen,VNINDEX,stock
DST,Cong ty Co phan Dau tu Sao Thang Long,HNXINDEX,stock
DSV,Cong ty Co phan Duong sat Vinh Phu,UPCOMINDEX,stock
DTA,Cong ty Co phan De Tam,VNINDEX,stock
BDT,Cong ty Co phan Xay lap va Vat lieu xay dung Dong Thap,UPCOMINDEX,stock
DTC,Cong ty Co phan Viglacera Dong Trieu,HNXINDEX,stock
DTE,Cong ty Co phan Dau tu Nang luong Dai Truong Thanh Holdings,UPCOMINDEX,stock
DTI,Cong ty Co phan Dau tu Duc Trung,UPCOMINDEX,stock
DTL,Cong ty Co phan Dai Thien Loc,VNINDEX,stock
DTT,Cong ty Co phan Ky nghe Do Thanh,VNINDEX,stock
DTV,Cong ty Co phan Phat trien dien Tra Vinh,UPCOMINDEX,stock
MTV,Cong ty Co phan Dich vu Moi truong va Cong trinh Do thi Vung Tau,UPCOMINDEX,stock
MGG,Tong Cong ty Duc Giang - Cong ty Co phan,UPCOMINDEX,stock
DVC,Cong ty Co phan Thuong mai dich vu Tong Hop Cang Hai Phong,UPCOMINDEX,stock
DVG,Cong ty Co phan Dai Viet Group DVG,HNXINDEX,stock
DVP,Cong ty Co phan Dau tu va Phat trien Cang Dinh Vu,VNINDEX,stock
DSG,Cong ty Co phan Kinh Dap Cau,UPCOMINDEX,stock
DVW,Cong ty Co phan Dich vu va Xay dung cap nuoc Dong Nai,UPCOMINDEX,stock
DXG,Cong ty Co phan Tap doan Dat Xanh,VNINDEX,stock
DXL,Cong ty Co phan Du lich va Xuat nhap khau Lang Son,UPCOMINDEX,stock
DXP,Cong ty Co phan Cang Doan Xa,HNXINDEX,stock
DXS,Cong ty Co phan Dich vu Bat dong san Dat Xanh,VNINDEX,stock
DXV,Cong ty Co phan VICEM Vat lieu Xay dung Da Nang,VNINDEX,stock
DZM,Cong ty Co phan Co dien Dzi An,UPCOMINDEX,stock
FUESSV50,Quy ETF SSIAM VNX50,VNINDEX,stock
E1VFVN30,Quy ETF DCVFMVN30,VNINDEX,stock
EBS,Cong ty Co phan Sach Giao duc tai Thanh pho Ha Noi,HNXINDEX,stock
E29,Cong ty co phan Dau tu Xay dung va Ky thuat 29,UPCOMINDEX,stock
ECI,Cong ty Co phan Tap doan ECI,HNXINDEX,stock
EFI,Cong ty Co phan Dau tu Tai chinh Giao duc,UPCOMINDEX,stock
EIB,Ngan hang Thuong mai Co phan Xuat nhap khau Viet Nam,VNINDEX,stock
EID,Cong ty Co phan Dau tu va Phat trien Giao duc Ha Noi,HNXINDEX,stock
ELC,Cong ty Co phan Cong nghe - Vien thong ELCOM,VNINDEX,stock
EME,Cong ty Co phan Dien Co,UPCOMINDEX,stock
EMG,Cong ty Co phan Thiet bi Phu tung Co dien,UPCOMINDEX,stock
EMS,Tong Cong ty Chuyen phat nhanh Buu dien - Cong ty Co phan,UPCOMINDEX,stock
EPC,Cong ty Co phan Ca Phe Ea Pok,UPCOMINDEX,stock
FUESSVFL,Quy ETF SSIAM VNFIN LEAD,VNINDEX,stock
EVE,Cong ty Co phan Everpia,VNINDEX,stock
EVG,Cong ty Co phan Tap doan Everland,VNINDEX,stock
EVF,Cong ty Tai chinh Co phan Dien Luc,VNINDEX,stock
EIC,Cong ty Co phan EVN Quoc Te,UPCOMINDEX,stock
LEC,Cong ty Co phan Bat dong san Dien luc Mien Trung,VNINDEX,stock
FHS,Cong ty Co phan Phat hanh sach Thanh pho Ho Chi Minh - FAHASA,UPCOMINDEX,stock
FBA,Cong ty Co phan Tap doan Quoc te FBA,UPCOMINDEX,stock
FCM,Cong ty Co phan Khoang san FECON,VNINDEX,stock
FCN,Cong ty Co phan FECON,VNINDEX,stock
FDC,Cong ty Co phan Ngoai thuong va Phat trien Dau tu Thanh pho Ho Chi Minh,VNINDEX,stock
FIC,Tong Cong ty Vat lieu Xay dung so 1 - Cong ty Co phan,UPCOMINDEX,stock
FID,Cong ty Co phan Dau tu va Phat trien Doanh nghiep Viet Nam,HNXINDEX,stock
FIR,Cong ty Co phan Dia oc First Real,VNINDEX,stock
FSO,Cong ty Co phan Co khi dong tau thuy san Viet Nam,UPCOMINDEX,stock
FIT,Cong ty Co phan Tap doan F.I.T,VNINDEX,stock
FLC,Cong ty Co phan Tap doan FLC,UPCOMINDEX,stock
ART,Cong ty Co phan Chung khoan BOS,UPCOMINDEX,stock
FMC,Cong ty Co phan Thuc pham Sao Ta,VNINDEX,stock
FOC,Cong ty Co phan Dich vu Truc tuyen FPT,UPCOMINDEX,stock
FBC,Cong ty Co phan Co khi Pho Yen,UPCOMINDEX,stock
FCS,Cong ty Co phan Luong thuc Thanh pho Ho Chi Minh,UPCOMINDEX,stock
FRM,Cong ty Co phan Lam nghiep Sai Gon,UPCOMINDEX,stock
DP3,Cong ty Co Phan Duoc Pham Trung Uong 3,HNXINDEX,stock
FTM,Cong ty Co phan Dau tu va Phat trien Duc Quan,UPCOMINDEX,stock
FPT,Cong ty Co phan FPT,VNINDEX,stock
FRT,Cong ty Co phan Ban le Ky thuat so FPT,VNINDEX,stock
FTS,Cong ty Co phan Chung khoan FPT,VNINDEX,stock
FRC,Cong ty Co phan Lam dac san xuat khau Quang Nam,UPCOMINDEX,stock
FT1,Cong ty Co phan Phu tung may so 1,UPCOMINDEX,stock
FOX,Cong ty Co phan Vien thong FPT,UPCOMINDEX,stock
FTI,Cong ty Co phan Cong nghiep - Thuong mai Huu Nghi,UPCOMINDEX,stock
FUEMAV30,Quy ETF MAFM VN30,VNINDEX,stock
FUESSV30,Quy ETF SSIAM VN30,VNINDEX,stock
FUEVFVND,Quy ETF DCVFMVN DIAMOND,VNINDEX,stock
FUEVN100,Quy ETF VINACAPITAL VN100,VNINDEX,stock
G20,Cong ty Co phan Dau tu Det may Vinh Phuc,UPCOMINDEX,stock
GAB,Cong ty Co phan Dau tu Khai khoang & Quan ly Tai san FLC,UPCOMINDEX,stock
M10,Tong cong ty May 10 - Cong ty Co phan,UPCOMINDEX,stock
GAS,Tong Cong ty Khi Viet Nam - Cong ty Co phan,VNINDEX,stock
BVB,Ngan hang Thuong mai Co phan Ban Viet,UPCOMINDEX,stock
GDT,Cong ty Co phan Che bien Go Duc Thanh,VNINDEX,stock
GDW,Cong ty Co phan Cap nuoc Gia Dinh,HNXINDEX,stock
GEX,Cong ty Co phan Tap doan Gelex,VNINDEX,stock
GEE,Cong ty Co phan Dien luc Gelex,UPCOMINDEX,stock
PGV,Tong Cong ty Phat dien 3 - Cong ty Co phan,VNINDEX,stock
GER,Cong ty Co phan The thao Ngoi sao Geru,UPCOMINDEX,stock
GGG,Cong ty Co phan O to Giai Phong,UPCOMINDEX,stock
GHC,Cong ty Co phan Thuy dien Gia Lai,UPCOMINDEX,stock
FGL,Cong ty Co phan Ca phe Gia Lai,UPCOMINDEX,stock
GLW,Cong ty Co phan Cap thoat nuoc Gia Lai,UPCOMINDEX,stock
GIL,Cong ty Co phan San xuat Kinh doanh Xuat nhap khau Binh Thanh,VNINDEX,stock
GLC,Cong ty Co phan Vang Lao Cai,UPCOMINDEX,stock
GEG,Cong ty Co phan Dien Gia Lai,VNINDEX,stock
GLT,Cong ty Co phan Ky thuat dien Toan Cau,HNXINDEX,stock
GMA,Cong ty Co phan G-Automobile,HNXINDEX,stock
GMC,Cong ty Co phan Garmex Sai Gon,VNINDEX,stock
GMD,Cong ty Co phan Gemadept,VNINDEX,stock
GMX,Cong ty Co phan Gach ngoi Gom xay dung My Xuan,HNXINDEX,stock
GIC,Cong ty Co phan Dau tu Dich vu va Phat trien Xanh,HNXINDEX,stock
GSM,Cong ty Co phan Thuy dien Huong Son,UPCOMINDEX,stock
GSP,Cong ty Co phan Van tai San pham Khi Quoc te,VNINDEX,stock
GTA,Cong ty Co phan Che bien Go Thuan An,VNINDEX,stock
DDH,Cong ty Co phan Dam bao giao thong duong thuy Hai Phong,UPCOMINDEX,stock
GTT,Cong ty Co phan Thuan Thao,UPCOMINDEX,stock
H11,Cong ty Co phan Xay dung HUD101,UPCOMINDEX,stock
PHN,Cong ty Co phan Pin Ha Noi,HNXINDEX,stock
HC1,Cong ty Co phan Xay dung so 1 Ha Noi,UPCOMINDEX,stock
HCB,Cong ty Co phan Det may 29/3,UPCOMINDEX,stock
HC3,Cong ty Co phan Xay dung so 3 Hai Phong,UPCOMINDEX,stock
HAD,Cong ty Co phan Bia Ha Noi - Hai Duong,HNXINDEX,stock
HDP,Cong ty Co phan Duoc Ha Tinh,UPCOMINDEX,stock
HAG,Cong ty Co phan Hoang Anh Gia Lai,VNINDEX,stock
HAH,Cong ty Co phan Van tai va Xep do Hai An,VNINDEX,stock
HAI,Cong ty Co phan Nong duoc HAI,UPCOMINDEX,stock
HPX,Cong ty Co phan Dau tu Hai Phat,VNINDEX,stock
HID,Cong ty Co phan Halcom Vietnam,VNINDEX,stock
HNR,Cong ty Co phan Ruou va Nuoc Giai Khat Ha Noi,UPCOMINDEX,stock
HLB,Cong ty Co phan Bia va Nuoc giai khat Ha Long,UPCOMINDEX,stock
HLT,Cong ty Co phan Det may Hoang Thi Loan,UPCOMINDEX,stock
HAM,Cong ty Co phan Vat tu Hau Giang,UPCOMINDEX,stock
HHV,Cong ty Co phan Dau tu Ha tang Giao thong Deo Ca,VNINDEX,stock
AAS,Cong ty Co phan Chung khoan SmartInvest,UPCOMINDEX,stock
BBM,Cong ty Co phan Bia Ha Noi - Nam Dinh,UPCOMINDEX,stock
HAN,Tong Cong ty Xay dung Ha Noi - CTCP,UPCOMINDEX,stock
HD6,Cong ty Co phan Dau tu va Phat trien nha so 6 Ha Noi,UPCOMINDEX,stock
HNP,Cong ty Co phan Hanel Xop Nhua,UPCOMINDEX,stock
HSM,Tong Cong ty Co phan Det May Ha Noi,UPCOMINDEX,stock
HAP,Cong ty Co phan Tap Doan Hapaco,VNINDEX,stock
HTM,Tong Cong ty Thuong mai Ha Noi â€“ Cong ty co phan,UPCOMINDEX,stock
HAR,Cong ty Co phan Dau tu Thuong mai Bat dong san An Duong Thao Dien,VNINDEX,stock
HAS,Cong ty Co phan Hacisco,VNINDEX,stock
HES,Cong ty Co phan Dich vu Giai tri Ha Noi,UPCOMINDEX,stock
HAT,Cong ty Co phan Thuong mai Bia Ha Noi,HNXINDEX,stock
GH3,Cong ty Co phan Cong trinh giao thong Ha Noi,UPCOMINDEX,stock
HAV,Cong ty Co phan Ruou Hapro,UPCOMINDEX,stock
HGW,Cong ty Co phan Cap thoat nuoc - Cong trinh Do thi Hau Giang,UPCOMINDEX,stock
HAX,Cong ty Co phan Dich vu O to Hang Xanh,VNINDEX,stock
HBC,Cong ty Co phan Tap doan Xay dung Hoa Binh,VNINDEX,stock
HBD,Cong ty Co phan Bao bi PP Binh Duong,UPCOMINDEX,stock
HBH,Cong ty Co phan HABECO - Hai Phong,UPCOMINDEX,stock
HBS,Cong ty Co phan Chung khoan Hoa Binh,HNXINDEX,stock
HCC,Cong ty Co phan Be tong Hoa Cam - Intimex,HNXINDEX,stock
XDH,Cong ty Co phan Dau tu Xay dung Dan dung Ha Noi,UPCOMINDEX,stock
HCD,Cong ty Co phan Dau tu San xuat va Thuong mai HCD,VNINDEX,stock
HCI,Cong ty Co phan Dau tu - Xay dung Ha Noi,UPCOMINDEX,stock
HCM,Cong ty Co phan Chung khoan Thanh pho Ho Chi Minh,VNINDEX,stock
HTE,Cong ty Co phan Dau tu Kinh doanh Dien luc Thanh pho Ho Chi Minh,UPCOMINDEX,stock
HCT,Cong ty Co phan Thuong mai - Dich vu - Van tai Xi mang Hai Phong,HNXINDEX,stock
HDA,Cong ty Co phan Hang son Dong A,HNXINDEX,stock
HDB,Ngan hang Thuong mai Co phan Phat Trien Thanh pho Ho Chi Minh,VNINDEX,stock
HDC,Cong ty Co phan Phat trien Nha Ba Ria Vung Tau,VNINDEX,stock
HDG,Cong ty Co phan Tap doan Ha Do,VNINDEX,stock
HDM,Cong ty Co phan Det May Hue,UPCOMINDEX,stock
HDO,Cong ty Co phan Hung Dao Container,UPCOMINDEX,stock
DHD,Cong ty Co phan Duoc Vat Tu Y Te Hai Duong,UPCOMINDEX,stock
HDW,Cong ty Co phan Kinh doanh Nuoc sach Hai Duong,UPCOMINDEX,stock
HEC,Cong ty Co phan Tu van xay dung Thuy Loi II,UPCOMINDEX,stock
HEJ,Tong Cong ty Tu van Xay dung Thuy Loi Viet Nam - CTCP,UPCOMINDEX,stock
HEM,Cong ty Co phan Che tao Dien co Ha Noi,UPCOMINDEX,stock
HEP,Cong ty Co phan Moi truong va Cong trinh do thi Hue,UPCOMINDEX,stock
HEV,Cong ty Co phan Sach Dai hoc - Day nghe,HNXINDEX,stock
HFC,Cong ty Co phan Xang dau HFC,UPCOMINDEX,stock
HFX,Cong ty Co phan San xuat - Xuat nhap khau Thanh Ha,UPCOMINDEX,stock
HGM,Cong ty Co phan Co khi va Khoang san Ha Giang,HNXINDEX,stock
HGT,Cong ty Co phan Du lich Huong Giang,UPCOMINDEX,stock
HHC,Cong ty Co phan Banh keo Hai Ha,HNXINDEX,stock
HHG,Cong ty Co phan Hoang Ha,UPCOMINDEX,stock
HHN,Cong ty Co phan Van tai va Dich vu Hang hoa Ha Noi,UPCOMINDEX,stock
HHP,Cong ty Co phan HHP Global,VNINDEX,stock
HHR,Cong ty Co phan Duong sat Ha Hai,UPCOMINDEX,stock
HHS,Cong ty Co phan Dau tu Dich vu Hoang Huy,VNINDEX,stock
TCH,Cong ty Co phan Dau tu Dich vu Tai chinh Hoang Huy,VNINDEX,stock
HSL,Cong ty Co phan Dau tu Phat trien Thuc pham Hong Ha,VNINDEX,stock
HIG,Cong ty Co phan Tap doan HIPT,UPCOMINDEX,stock
HPI,Cong ty Co phan Khu cong nghiep Hiep Phuoc,UPCOMINDEX,stock
HJS,Cong ty Co phan Thuy dien Nam Mu,HNXINDEX,stock
HKB,Cong ty Co phan Nong nghiep va Thuc pham Ha Noi - Kinh Bac,UPCOMINDEX,stock
HKT,Cong ty Co phan Dau tu Ego Viet Nam,HNXINDEX,stock
HLA,Cong ty Co phan Huu Lien A Chau,UPCOMINDEX,stock
HLC,Cong ty Co phan Than Ha Lam - Vinacomin,HNXINDEX,stock
HLD,Cong ty Co phan Dau tu va Phat trien Bat dong san HUDLAND,HNXINDEX,stock
HLR,Cong ty Co phan Duong sat Ha Lang,UPCOMINDEX,stock
HLS,Cong ty Co phan Su ky thuat Hoang Lien Son,UPCOMINDEX,stock
HLY,Cong ty Co phan Gom Xay Dung Yen Hung,UPCOMINDEX,stock
HMC,Cong ty Co phan Kim khi Thanh pho Ho Chi Minh - VNSTEEL,VNINDEX,stock
HMS,Cong ty Co phan Xay dung Bao tang Ho Chi Minh,UPCOMINDEX,stock
HMG,Cong ty Co phan Kim Khi Ha Noi - VNSTEEL,UPCOMINDEX,stock
HMH,Cong ty Co phan Hai Minh,HNXINDEX,stock
DCH,Cong ty Co phan Dia chinh Ha Noi,UPCOMINDEX,stock
HAF,Cong ty Co phan Thuc pham Ha Noi,UPCOMINDEX,stock
HNG,Cong ty Co phan Nong nghiep Quoc te Hoang Anh Gia Lai,VNINDEX,stock
HNA,Cong ty Co phan Thuy dien Hua Na,VNINDEX,stock
HNM,Cong ty Co phan Sua Ha Noi,UPCOMINDEX,stock
DHN,Cong ty Co phan Duoc pham Ha Noi,UPCOMINDEX,stock
HRT,Cong ty Co phan Van tai duong sat Ha Noi,UPCOMINDEX,stock
TSJ,Cong ty Co phan Du lich Dich vu Ha Noi,UPCOMINDEX,stock
HJC,Cong ty Co phan Hoa Viet,UPCOMINDEX,stock
HOM,Cong ty Co phan Xi mang VICEM Hoang Mai,HNXINDEX,stock
HOT,Cong ty Co phan Du lich - Dich vu Hoi An,UPCOMINDEX,stock
HPB,Cong ty Co phan Bao bi PP,UPCOMINDEX,stock
HAC,Cong ty Co phan Chung khoan Hai Phong,UPCOMINDEX,stock
CCP,Cong ty Co phan Cang Cua Cam Hai Phong,UPCOMINDEX,stock
HPD,Cong ty Co phan Thuy dien Dak Doa,UPCOMINDEX,stock
HPG,Cong ty Co phan Tap doan Hoa Phat,VNINDEX,stock
HPH,Cong ty Co phan Hoa Chat Hung Phat Ha Bac,UPCOMINDEX,stock
HPM,Cong ty Co phan Xay dung Thuong mai va Khoang san Hoang Phuc,UPCOMINDEX,stock
HPP,Cong ty Co phan Son Hai Phong,UPCOMINDEX,stock
DPH,Cong ty Co phan Duoc pham Hai Phong,UPCOMINDEX,stock
HPT,Cong ty Co phan Dich vu Cong nghe Tin hoc HPT,UPCOMINDEX,stock
TUG,Cong ty Co phan Lai dat va Van tai Cang Hai Phong,UPCOMINDEX,stock
HPW,Cong ty Co phan Cap nuoc Hai Phong,UPCOMINDEX,stock
HQC,Cong ty Co phan Tu van - Thuong mai - Dich vu Dia oc Hoang Quan,VNINDEX,stock
HRB,Cong ty Co phan Harec Dau tu va Thuong Mai,UPCOMINDEX,stock
HRC,Cong ty Co phan Cao su Hoa Binh,VNINDEX,stock
HSA,Cong ty Co phan HESTIA,UPCOMINDEX,stock
HSG,Cong ty Co phan Tap doan Hoa Sen,VNINDEX,stock
HSI,Cong ty Co phan Vat tu Tong hop va Phan bon Hoa sinh,UPCOMINDEX,stock
HSP,Cong ty Co phan Son Tong hop Ha Noi,UPCOMINDEX,stock
HT1,Cong ty Co phan Xi mang VICEM Ha Tien,VNINDEX,stock
HTC,Cong ty Co phan Thuong mai Hoc Mon,HNXINDEX,stock
HTG,Tong Cong ty Co phan Det may Hoa Tho,VNINDEX,stock
HTI,Cong ty Co phan Dau tu Phat trien Ha tang IDICO,VNINDEX,stock
HTN,Cong ty Co phan Hung Thinh Incons,VNINDEX,stock
HTL,Cong ty Co phan Ky thuat va O to Truong Long,VNINDEX,stock
HTP,Cong ty Co phan In Sach Giao Khoa Hoa Phat,HNXINDEX,stock
HTT,Cong ty Co phan Thuong mai Ha Tay,UPCOMINDEX,stock
HTV,Cong ty Co phan Logistics Vicem,VNINDEX,stock
HU1,Cong ty Co phan Dau tu va Xay dung HUD1,VNINDEX,stock
HU3,Cong ty Co phan Dau tu va Xay dung HUD3,UPCOMINDEX,stock
HU4,Cong ty Co phan Dau tu va Xay dung HUD4,UPCOMINDEX,stock
HD8,Cong ty Co phan Dau tu Phat trien Nha va Do thi HUD8,UPCOMINDEX,stock
HWS,Cong ty Co phan Cap nuoc Thua Thien Hue,UPCOMINDEX,stock
HNI,Cong ty Co phan May Huu Nghi,UPCOMINDEX,stock
HUG,Tong cong ty May Hung Yen - Cong ty Co phan,UPCOMINDEX,stock
HUT,Cong ty Co phan Tasco,HNXINDEX,stock
HNF,Cong ty Co phan Thuc pham Huu Nghi,UPCOMINDEX,stock
HVA,Cong ty Co phan Dau tu HVA,UPCOMINDEX,stock
HVH,Cong ty Co phan Dau tu va Cong nghe HVC,VNINDEX,stock
HVG,Cong ty Co phan Hung Vuong,UPCOMINDEX,stock
HVT,Cong ty Co phan Hoa chat Viet Tri,HNXINDEX,stock
HVX,Cong ty Co phan Xi mang Vicem Hai Van,VNINDEX,stock
L40,Cong ty Co phan Dau tu va Xay dung 40,HNXINDEX,stock
IBC,Cong ty Co phan Dau tu APAX Holdings,UPCOMINDEX,stock
ICC,Cong ty Co phan Xay dung cong nghiep,UPCOMINDEX,stock
ILB,Cong ty Co phan ICD Tan Cang - Long Binh,VNINDEX,stock
ICF,Cong ty Co phan Dau tu-Thuong mai-Thuy san,UPCOMINDEX,stock
ICG,Cong ty Co phan Xay dung Song Hong,HNXINDEX,stock
ICI,Cong ty Co phan Dau tu va Xay dung Cong nghiep,UPCOMINDEX,stock
CC4,Cong ty Co phan Dau tu va Xay dung so 4,UPCOMINDEX,stock
IDI,Cong ty Co phan Dau tu va Phat trien Da Quoc Gia I.D.I,VNINDEX,stock
IDC,Tong Cong ty IDICO - CTCP,HNXINDEX,stock
IDJ,Cong ty Co phan Dau tu IDJ Viet Nam,HNXINDEX,stock
IDP,Cong ty Co phan Sua Quoc te,UPCOMINDEX,stock
IDV,Cong ty Co phan Phat trien Ha tang Vinh Phuc,HNXINDEX,stock
IFS,Cong ty Co phan Thuc pham Quoc te,UPCOMINDEX,stock
IHK,Cong ty Co phan In Hang Khong,UPCOMINDEX,stock
IJC,Cong ty Co phan Phat trien Ha tang Ky thuat,VNINDEX,stock
ILA,Cong ty Co phan ILA,UPCOMINDEX,stock
ILC,Cong ty Co phan Hop tac lao dong voi nuoc ngoai,UPCOMINDEX,stock
IME,Cong ty Co phan Co khi va Xay lap Cong nghiep,UPCOMINDEX,stock
IMP,Cong ty Co phan Duoc pham IMEXPHARM,VNINDEX,stock
IN4,Cong ty Co phan In so 4,UPCOMINDEX,stock
IBD,Cong ty Co phan In Tong hop Binh Duong,UPCOMINDEX,stock
INC,Cong ty Co phan Tu van Dau tu IDICO,HNXINDEX,stock
DDG,Cong ty Co phan Dau tu Cong nghiep Xuat nhap khau Dong Duong,HNXINDEX,stock
INN,Cong ty Co phan Bao bi va In Nong nghiep,HNXINDEX,stock
IRC,Cong ty Co phan Cao su Cong nghiep,UPCOMINDEX,stock
ILS,Cong ty Co phan Dau tu Thuong mai va Dich vu Quoc te,UPCOMINDEX,stock
IPA,Cong ty Co phan Tap doan Dau tu I.P.A,HNXINDEX,stock
ISG,Cong ty Co phan Van tai bien va Hop tac lao dong Quoc Te,UPCOMINDEX,stock
IST,Cong ty Co phan ICD Tan Cang Song Than,UPCOMINDEX,stock
ITA,Cong ty Co phan Dau tu va Cong nghiep Tan Tao,VNINDEX,stock
ITS,"Cong ty Co phan Dau tu, Thuong mai va Dich vu - Vinacomin",UPCOMINDEX,stock
ITC,Cong ty Co phan Dau tu - Kinh doanh nha,VNINDEX,stock
ITD,Cong ty Co phan Cong nghe Tien Phong,VNINDEX,stock
ITQ,Cong ty Co phan Tap doan Thien Quang,HNXINDEX,stock
IVS,Cong ty Co phan Chung khoan Guotai Junan (Viet Nam),HNXINDEX,stock
JVC,Cong ty Co phan Dau tu va Phat trien Y te Viet Nhat,VNINDEX,stock
KAC,Cong ty Co phan Dau tu Dia oc Khang An,UPCOMINDEX,stock
KBC,Tong Cong ty Phat trien Do thi Kinh Bac,VNINDEX,stock
KCE,Cong ty Co phan Be tong Ly tam Dien luc Khanh Hoa,UPCOMINDEX,stock
KDC,Cong ty Co phan Tap doan KIDO,VNINDEX,stock
KDH,Cong ty Co phan Dau tu va Kinh doanh nha Khang Dien,VNINDEX,stock
KDM,Cong ty Co phan Tap doan GCL,HNXINDEX,stock
KTC,Cong ty Co phan Thuong mai Kien Giang,UPCOMINDEX,stock
KHG,Cong ty Co phan Tap doan Khai Hoan Land,VNINDEX,stock
KHW,Cong ty Co phan Cap thoat nuoc Khanh Hoa,UPCOMINDEX,stock
KHL,Cong ty Co phan Khoang san va Vat lieu Xay dung Hung Long,UPCOMINDEX,stock
KHP,Cong ty Co phan Dien luc Khanh Hoa,VNINDEX,stock
KGM,Cong ty Co phan Xuat nhap khau Kien Giang,UPCOMINDEX,stock
KHS,Cong ty Co phan Kien Hung,HNXINDEX,stock
KKC,Cong ty Co phan Tap doan Thanh Thai,HNXINDEX,stock
KLB,Ngan hang Thuong mai Co phan Kien Long,UPCOMINDEX,stock
KLF,Cong ty Co phan Dau tu Thuong mai va Xuat nhap khau CFS,UPCOMINDEX,stock
KLM,Cong ty Co phan Kim loai mau Nghe Tinh,UPCOMINDEX,stock
GKM,Cong ty Co phan GKM Holdings,HNXINDEX,stock
KMR,Cong ty Co phan Mirae,VNINDEX,stock
KMT,Cong ty Co phan Kim khi Mien Trung,HNXINDEX,stock
KPF,Cong ty Co phan Dau tu Tai san KOJI,VNINDEX,stock
KSB,Cong ty Co phan Khoang san va Xay dung Binh Duong,VNINDEX,stock
KSD,Cong ty Co phan Dau tu DNA,HNXINDEX,stock
KSH,Cong ty Co phan Damac GLS,UPCOMINDEX,stock
KHD,"Cong ty Co phan Khai thac, Che bien Khoang san Hai Duong",UPCOMINDEX,stock
LMC,Cong ty Co phan Long Beach LMC,UPCOMINDEX,stock
KSQ,Cong ty Co phan CNC Capital Viet Nam,HNXINDEX,stock
KST,Cong ty Co phan KASATI,HNXINDEX,stock
KSV,Tong Cong ty Khoang san TKV - Cong ty Co phan,HNXINDEX,stock
KTL,Cong ty Co phan Kim khi Thang Long,UPCOMINDEX,stock
KTS,Cong ty Co phan Duong Kon Tum,HNXINDEX,stock
KTT,Cong ty Co phan Tap doan Dau tu KTT,HNXINDEX,stock
KVC,Cong ty Co phan San xuat Xuat nhap khau Inox Kim Vi,UPCOMINDEX,stock
L10,Cong ty Co phan Lilama 10,VNINDEX,stock
L14,Cong ty Co phan Licogi 14,HNXINDEX,stock
L18,Cong ty Co phan Dau tu va Xay dung so 18,HNXINDEX,stock
L35,Cong ty Co phan Co khi Lap may Lilama,UPCOMINDEX,stock
L43,Cong ty Co phan Lilama 45.3,HNXINDEX,stock
L44,Cong ty Co phan Lilama 45.4,UPCOMINDEX,stock
L45,Cong ty Co phan Lilama 45.1,UPCOMINDEX,stock
L61,Cong ty Co phan Lilama 69-1,HNXINDEX,stock
L62,Cong ty Co phan Lilama 69 - 2,HNXINDEX,stock
L63,Cong ty Co phan Lilama 69-3,UPCOMINDEX,stock
LAF,Cong ty Co phan Che bien Hang Xuat khau Long An,VNINDEX,stock
LMI,Cong ty Co phan Dau tu Xay dung Lap may IDICO,UPCOMINDEX,stock
DKC,Cong ty Co phan Cho Lang Son,UPCOMINDEX,stock
LSG,Cong ty Co phan Bat dong san Sai Gon Vi na,UPCOMINDEX,stock
LAS,Cong ty Co phan Supe Phot phat va Hoa chat Lam Thao,HNXINDEX,stock
LAW,Cong ty Co phan Cap thoat nuoc Long An,UPCOMINDEX,stock
LBC,Cong ty Co phan Thuong mai - Dau tu Long Bien,UPCOMINDEX,stock
LBE,Cong ty Co phan Sach va Thiet bi Truong hoc Long An,HNXINDEX,stock
LBM,Cong ty Co phan Khoang san va Vat lieu xay dung Lam Dong,VNINDEX,stock
LCC,Cong ty Co phan Xi mang Hong Phong,UPCOMINDEX,stock
LCD,Cong ty Co phan Lap may - Thi nghiem co dien,HNXINDEX,stock
LCG,Cong ty Co phan Lizen,VNINDEX,stock
LQN,Cong ty Co phan Licogi Quang Ngai,UPCOMINDEX,stock
LCM,Cong ty Co phan Khai thac va Che bien Khoang san Lao Cai,UPCOMINDEX,stock
LCS,Cong ty Co phan Licogi 16.6,UPCOMINDEX,stock
LDG,Cong ty Co phan Dau tu LDG,VNINDEX,stock
LDP,Cong ty Co phan Duoc Lam Dong - Ladophar,HNXINDEX,stock
LDW,Cong ty Co phan Cap thoat nuoc Lam Dong,UPCOMINDEX,stock
LGM,Cong ty Co phan Giay da va may mac xuat khau (Legamex),UPCOMINDEX,stock
LGC,Cong ty Co phan Dau tu Cau duong CII,VNINDEX,stock
LGL,Cong ty Co phan Dau tu va Phat trien Do thi Long Giang,VNINDEX,stock
LHC,Cong ty Co phan Dau tu va Xay dung Thuy loi Lam Dong,HNXINDEX,stock
LHG,Cong ty Co phan Long Hau,VNINDEX,stock
LIC,Tong Cong ty LICOGI - Cong ty Co phan,UPCOMINDEX,stock
L12,Cong ty Co phan Licogi 12,UPCOMINDEX,stock
LG9,Cong ty Co phan Co gioi va Xay lap so 9,UPCOMINDEX,stock
LIG,Cong ty Co phan Licogi 13,HNXINDEX,stock
LLM,Tong Cong ty lap may Viet Nam - Cong ty Co phan,UPCOMINDEX,stock
LAI,Cong ty Co phan Dau tu Xay dung Long An IDICO,UPCOMINDEX,stock
AMS,Cong ty Co phan Co khi Xay dung AMECC,UPCOMINDEX,stock
LIX,Cong ty Co phan Bot Giat LiX,VNINDEX,stock
LKW,Cong ty Co phan Cap nuoc Long Khanh,UPCOMINDEX,stock
LM3,Cong ty Co phan Lilama 3,UPCOMINDEX,stock
LM7,Cong ty Co phan Lilama 7,UPCOMINDEX,stock
LM8,Cong ty Co phan Lilama 18,VNINDEX,stock
LMH,Cong ty Co phan Quoc Te Holding,UPCOMINDEX,stock
LNC,Cong ty Co phan Le Ninh,UPCOMINDEX,stock
LO5,Cong ty Co phan Lilama 5,UPCOMINDEX,stock
LSS,Cong ty Co phan Mia duong Lam Son,VNINDEX,stock
LTC,Cong ty Co phan Dien nhe Vien Thong,UPCOMINDEX,stock
LUT,Cong ty Co phan Dau tu Xay dung Luong Tai,UPCOMINDEX,stock
LPB,Ngan hang Thuong mai Co phan Buu Dien Lien Viet,VNINDEX,stock
MAC,Cong ty Co phan Cung ung va Dich vu Ky thuat Hang Hai,HNXINDEX,stock
MA1,Cong ty Co phan Thiet bi,UPCOMINDEX,stock
MAS,Cong ty co phan Dich vu Hang Khong San Bay Da Nang,HNXINDEX,stock
MBB,Ngan hang Thuong mai Co phan Quan doi,VNINDEX,stock
MCC,Cong ty Co phan Gach ngoi cao cap,HNXINDEX,stock
MCF,Cong ty Co phan Xay lap Co khi va Luong thuc Thuc pham,HNXINDEX,stock
MCG,Cong ty Co phan Nang luong va Bat dong san MCG,UPCOMINDEX,stock
MCM,Cong ty Co phan Giong bo sua Moc Chau,UPCOMINDEX,stock
MCO,Cong ty Co phan Dau tu va Xay dung BDC Viet Nam,HNXINDEX,stock
MCP,Cong ty Co phan In va Bao bi My Chau,VNINDEX,stock
MDA,Cong ty Co phan Moi truong Do thi Dong Anh,UPCOMINDEX,stock
MDC,Cong ty Co phan Than Mong Duong - Vinacomin,HNXINDEX,stock
MDF,Cong ty Co phan Go MDF VRG - Quang Tri,UPCOMINDEX,stock
MDG,Cong ty Co phan Mien Dong,VNINDEX,stock
MEC,Cong ty Co phan Co khi - Lap may Song Da,UPCOMINDEX,stock
MED,Cong ty Co phan Duoc Trung uong Mediplantex,HNXINDEX,stock
MEF,Cong ty Co phan MEINFA,UPCOMINDEX,stock
MEL,Cong ty Co phan Thep Me Lin,HNXINDEX,stock
MRF,Cong ty Co phan MERUFA,UPCOMINDEX,stock
MES,Cong ty Co phan Co dien Cong trinh,UPCOMINDEX,stock
MFS,Cong ty Co phan Dich vu ky thuat Mobifone,UPCOMINDEX,stock
MHC,Cong ty Co phan MHC,VNINDEX,stock
JOS,Cong ty CP Che bien Thuy san Xuat khau Minh Hai,UPCOMINDEX,stock
MHL,Cong ty Co phan Minh Huu Lien,HNXINDEX,stock
MIC,Cong ty Co phan Ky nghe Khoang san Quang Nam,UPCOMINDEX,stock
MIE,Tong Cong ty May va Thiet bi Cong nghiep - CTCP,UPCOMINDEX,stock
MIM,Cong ty Co phan Khoang san va Co khi,UPCOMINDEX,stock
MIG,Tong Cong ty Co phan Bao hiem Quan doi,VNINDEX,stock
MTA,Tong Cong ty Khoang san va Thuong mai Ha Tinh - Cong ty Co phan,UPCOMINDEX,stock
MLS,Cong ty Co phan Chan nuoi - Mitraco,UPCOMINDEX,stock
MKP,Cong ty Co phan Hoa - Duoc pham Mekophar,UPCOMINDEX,stock
MKV,Cong ty Co phan Duoc Thu Y Cai Lay,HNXINDEX,stock
MLC,Cong ty Co phan Moi truong Do thi Tinh Lao Cai,UPCOMINDEX,stock
MML,Cong ty Co phan Masan MEATLife,UPCOMINDEX,stock
MPC,Cong ty Co phan Tap doan Thuy san Minh Phu,UPCOMINDEX,stock
MPT,Cong ty Co phan Tap doan MPT,UPCOMINDEX,stock
MPY,Cong ty Co phan Moi truong do thi Phu Yen,UPCOMINDEX,stock
MQB,Cong ty Co phan Moi truong va Phat trien do thi Quang Binh,UPCOMINDEX,stock
MSB,Ngan hang Thuong mai Co phan Hang Hai Viet Nam,VNINDEX,stock
MCH,Cong ty Co phan Hang Tieu Dung MaSan,UPCOMINDEX,stock
MSN,Cong ty Co phan Tap doan Masan,VNINDEX,stock
MSR,Cong ty Co phan Masan High-Tech Materials,UPCOMINDEX,stock
MST,Cong ty Co phan Dau tu MST,HNXINDEX,stock
MTC,Cong ty Co phan Dich vu Du lich My Tra,UPCOMINDEX,stock
MTG,Cong ty Co phan MT Gas,UPCOMINDEX,stock
MTH,Cong ty Co phan Moi truong Do thi Ha Dong,UPCOMINDEX,stock
MTL,Cong ty Co phan Dich vu Moi truong Do thi Tu Liem,UPCOMINDEX,stock
NAU,Cong ty Co phan Moi truong va Cong trinh Do thi Nghe An,UPCOMINDEX,stock
MTP,Cong ty Co phan Duoc Medipharco,UPCOMINDEX,stock
MWG,Cong ty Co phan Dau tu The Gioi Di Dong,VNINDEX,stock
NAB,Ngan hang Thuong mai Co phan Nam A,VNINDEX,stock
NDP,Cong ty Co phan Duoc pham 2/9,UPCOMINDEX,stock
NAF,Cong ty Co phan Nafoods Group,VNINDEX,stock
NAG,Cong ty Co phan Tap doan Nagakawa,HNXINDEX,stock
NJC,Cong ty Co phan May Nam Dinh,UPCOMINDEX,stock
NAC,Cong ty Co phan Tu van Xay dung Tong hop,UPCOMINDEX,stock
FHN,Cong ty Co phan Xuat nhap khau Luong thuc - Thuc pham Ha Noi,UPCOMINDEX,stock
NAP,Cong ty Co phan Cang Nghe Tinh,HNXINDEX,stock
NTF,Cong ty Co phan Duoc - Vat tu y te Nghe An,UPCOMINDEX,stock
BAB,Ngan hang Thuong mai Co phan Bac A,HNXINDEX,stock
NAS,Cong ty Co phan Dich vu Hang khong San bay Noi Bai,UPCOMINDEX,stock
NAV,Cong ty Co phan Nam Viet,VNINDEX,stock
VET,Cong ty Co phan Thuoc Thu y Trung uong NAVETCO,UPCOMINDEX,stock
NAW,Cong ty Co phan Cap nuoc Nghe An,UPCOMINDEX,stock
NBB,Cong ty Co phan Dau tu Nam Bay Bay,VNINDEX,stock
NBC,Cong ty Co phan Than Nui Beo - Vinacomin,HNXINDEX,stock
NBE,Cong ty Co phan Sach va Thiet bi Giao duc Mien Bac,UPCOMINDEX,stock
NBP,Cong ty Co phan Nhiet Dien Ninh Binh,HNXINDEX,stock
NBW,Cong ty Co phan Cap nuoc Nha Be,HNXINDEX,stock
NCS,Cong ty Co phan Suat an Hang khong Noi Bai,UPCOMINDEX,stock
NCT,Cong ty Co phan Dich vu Hang hoa Noi Bai,VNINDEX,stock
ND2,Cong ty Co phan Dau tu va Phat trien dien Mien Bac 2,UPCOMINDEX,stock
NDC,Cong ty Co phan Nam Duoc,UPCOMINDEX,stock
MND,Cong ty Co phan Moi truong Nam Dinh,UPCOMINDEX,stock
NDF,Cong ty Co phan Che bien thuc pham nong san xuat khau Nam Dinh,UPCOMINDEX,stock
HND,Cong ty Co phan Nhiet dien Hai Phong,UPCOMINDEX,stock
NDN,Cong ty Co phan Dau tu Phat trien Nha Da Nang,HNXINDEX,stock
NDW,Cong ty Co phan Cap nuoc Nam Dinh,UPCOMINDEX,stock
NDX,Cong ty Co phan Xay lap Phat trien Nha Da Nang,HNXINDEX,stock
NED,Cong ty Co phan Dau tu va Phat trien Dien Tay Bac,UPCOMINDEX,stock
NEM,Cong ty Co phan Thiet bi Dien Mien Bac,UPCOMINDEX,stock
NET,Cong ty Co phan Bot giat Net,HNXINDEX,stock
NRC,Cong ty Co phan Tap doan Danh Khoi,HNXINDEX,stock
NFC,Cong ty Co phan Phan lan Ninh Binh,HNXINDEX,stock
NGC,Cong ty Co phan Che bien Thuy san Xuat khau Ngo Quyen,UPCOMINDEX,stock
NHA,Tong Cong ty Dau tu Phat trien Nha va Do thi Nam Ha Noi,VNINDEX,stock
MNB,Tong Cong ty May Nha Be - Cong ty Co phan,UPCOMINDEX,stock
VCE,Cong ty Co phan Xay lap Moi truong,UPCOMINDEX,stock
NHC,Cong ty Co phan Gach ngoi Nhi Hiep,HNXINDEX,stock
NHH,Cong ty Co phan Nhua Ha Noi,VNINDEX,stock
VHM,Cong ty Co phan Vinhomes,VNINDEX,stock
NHP,Cong ty Co phan San xuat Xuat nhap khau NHP,UPCOMINDEX,stock
NHT,Cong ty Co phan San xuat va Thuong mai Nam Hoa,VNINDEX,stock
NHV,Cong ty Co phan Suc khoe Hoi sinh Viet Nam,UPCOMINDEX,stock
NKG,Cong ty Co phan Thep Nam Kim,VNINDEX,stock
NLG,Cong ty Co phan Dau tu Nam Long,VNINDEX,stock
NLS,Cong ty Co phan Cap thoat nuoc Lang Son,UPCOMINDEX,stock
NNC,Cong ty Co phan Da Nui Nho,VNINDEX,stock
NNT,Cong ty Co phan Cap nuoc Ninh Thuan,UPCOMINDEX,stock
NOS,Cong ty Co phan Van tai Bien va Thuong mai Phuong Dong,UPCOMINDEX,stock
NVL,Cong ty Co phan Tap doan Dau tu Dia oc No Va,VNINDEX,stock
PMB,Cong ty Co phan Phan bon va Hoa chat Dau khi Mien Bac,HNXINDEX,stock
NQB,Cong ty Co phan Cap nuoc Quang Binh,UPCOMINDEX,stock
NQT,Cong ty Co phan Nuoc sach Quang Tri,UPCOMINDEX,stock
NS2,Cong ty Co phan Nuoc sach so 2 Ha Noi,UPCOMINDEX,stock
NSC,Cong ty Co phan Tap doan Giong cay trong Viet Nam,VNINDEX,stock
PSH,Cong ty Co phan Thuong mai Dau tu Dau khi Nam Song Hau,VNINDEX,stock
NST,Cong ty Co phan Ngan Son,HNXINDEX,stock
NT2,Cong ty Co phan Dien luc Dau khi Nhon Trach 2,VNINDEX,stock
NTB,Cong ty Co phan Dau tu Xay dung va Khai thac Cong trinh giao thong 584,UPCOMINDEX,stock
NTC,Cong ty Co phan Khu Cong nghiep Nam Tan Uyen,UPCOMINDEX,stock
NTT,Cong ty Co phan Det - May Nha Trang,UPCOMINDEX,stock
NTL,Cong ty Co phan Phat trien Do thi Tu Liem,VNINDEX,stock
NTP,Cong ty Co phan Nhua Thieu nien Tien Phong,HNXINDEX,stock
NUE,Cong ty Co phan Moi truong Do thi Nha Trang,UPCOMINDEX,stock
NTW,Cong ty Co phan Cap nuoc Nhon Trach,UPCOMINDEX,stock
NVB,Ngan hang Thuong mai Co phan Quoc Dan,HNXINDEX,stock
NVT,Cong ty Co phan Bat dong san Du lich Ninh Van Bay,VNINDEX,stock
NWT,Cong ty Co phan Van tai Newway,UPCOMINDEX,stock
NXT,Cong ty Co phan San xuat va Cung ung vat lieu xay dung Kon Tum,UPCOMINDEX,stock
OCB,Ngan hang Thuong mai Co phan Phuong Dong,VNINDEX,stock
OCH,Cong ty Co phan One Capital Hospitality,HNXINDEX,stock
EVS,Cong ty Co phan Chung khoan Everest,HNXINDEX,stock
OGC,Cong ty Co phan Tap doan Dai Duong,VNINDEX,stock
TOW,Cong ty Co phan Cap nuoc Tra Noc - O Mon,UPCOMINDEX,stock
ONE,Cong ty Co phan Cong nghe ONE,HNXINDEX,stock
ONW,Cong ty Co phan Dich vu Mot The gioi,UPCOMINDEX,stock
OPC,Cong ty Co phan Duoc Pham OPC,VNINDEX,stock
ORS,Cong ty Co phan Chung khoan Tien Phong,VNINDEX,stock
PAC,Cong ty Co phan Pin Ac quy Mien Nam,VNINDEX,stock
PAI,"Cong ty Co phan Cong nghe thong tin, Vien thong va Tu dong hoa Dau khi",UPCOMINDEX,stock
PAN,Cong ty Co phan Tap doan PAN,VNINDEX,stock
PAP,Cong ty Co phan Dau khi dau tu khai thac Cang Phuoc An,UPCOMINDEX,stock
PAS,Cong ty Co phan Quoc te Phuong Anh,UPCOMINDEX,stock
PBP,Cong ty Co phan Bao bi Dau khi Viet Nam,HNXINDEX,stock
PC1,Cong ty Co phan Tap doan PC1,VNINDEX,stock
PCC,Cong ty Co phan Tap doan Xay lap 1 - Petrolimex,UPCOMINDEX,stock
PCG,Cong ty Co phan Dau tu Phat trien Gas Do thi,HNXINDEX,stock
PCM,Cong ty Co phan Vat lieu Xay dung Buu dien,UPCOMINDEX,stock
CSI,Cong ty Co phan Chung khoan Kien thiet Viet Nam,UPCOMINDEX,stock
PCT,Cong ty Co phan Van tai Khi va Hoa chat Viet Nam,HNXINDEX,stock
PDB,Cong ty Co phan Tap doan Dau tu DIN Capital,HNXINDEX,stock
PDC,Cong ty Co phan Du lich Dau khi Phuong Dong,UPCOMINDEX,stock
PDN,Cong ty Co phan Cang Dong Nai,VNINDEX,stock
PDR,Cong ty Co phan Phat trien Bat dong san Phat Dat,VNINDEX,stock
PDV,Cong ty Co phan Van tai va Tiep van Phuong Dong Viet,UPCOMINDEX,stock
PEC,Cong ty Co phan Co khi Dien luc,UPCOMINDEX,stock
PEQ,Cong ty Co phan Thiet bi xang dau Petrolimex,UPCOMINDEX,stock
PEN,Cong ty Co phan Xay lap III Petrolimex,HNXINDEX,stock
PET,Tong Cong ty Co phan Dich vu Tong hop Dau khi,VNINDEX,stock
PCF,Cong ty Co phan Ca phe PETEC,UPCOMINDEX,stock
PEG,Tong Cong ty Thuong mai Ky thuat va Dau tu - Cong ty Co phan,UPCOMINDEX,stock
PTV,Cong ty Co phan Thuong mai Dau khi,UPCOMINDEX,stock
PLX,Tap doan Xang dau Viet Nam,VNINDEX,stock
PFL,Cong ty Co phan Dau khi Dong Do,UPCOMINDEX,stock
PGB,Ngan hang Thuong mai Co phan Thinh vuong va Phat trien,UPCOMINDEX,stock
PGC,Tong Cong ty Gas Petrolimex - Cong ty Co phan,VNINDEX,stock
PGD,Cong ty Co phan Phan phoi khi thap ap dau khi Viet Nam,VNINDEX,stock
PGI,Tong Cong ty Co phan Bao hiem Petrolimex,VNINDEX,stock
PGN,Cong ty Co phan Phu Gia Nhua,HNXINDEX,stock
PGS,Cong ty Co phan Kinh doanh Khi Mien Nam,HNXINDEX,stock
PGT,Cong ty Co phan PGT Holdings,HNXINDEX,stock
PLP,Cong ty Co phan San xuat va Cong nghe Nhua Pha Le,VNINDEX,stock
PBC,Cong ty Co phan Duoc Pham Trung uong 1 - Pharbaco,UPCOMINDEX,stock
PHC,Cong ty Co phan Xay dung Phuc Hung Holdings,VNINDEX,stock
PHH,Cong ty Co phan Hong Ha Viet Nam,UPCOMINDEX,stock
PHP,Cong ty Co phan Cang Hai Phong,UPCOMINDEX,stock
PHR,Cong ty Co phan Cao su Phuoc Hoa,VNINDEX,stock
PHS,Cong ty Co phan Chung khoan Phu Hung,UPCOMINDEX,stock
PIA,Cong ty Co phan Tin hoc Vien thong Petrolimex,HNXINDEX,stock
PIC,Cong ty Co phan Dau tu Dien luc 3,HNXINDEX,stock
PID,Cong ty Co phan Trang tri noi that Dau khi,UPCOMINDEX,stock
PIS,Tong Cong ty Pisico Binh Dinh - Cong ty Co phan,UPCOMINDEX,stock
EIN,Cong ty Co phan Dau tu - Thuong Mai - Dich vu Dien luc,UPCOMINDEX,stock
PIT,Cong ty Co phan Xuat nhap khau Petrolimex,VNINDEX,stock
PIV,Cong ty Co phan PIV,UPCOMINDEX,stock
PJC,Cong ty Co phan Thuong mai va Van tai Petrolimex Ha Noi,HNXINDEX,stock
PJS,Cong ty Co phan Cap nuoc Phu Hoa Tan,UPCOMINDEX,stock
PJT,Cong ty Co phan Van tai Xang dau duong thuy Petrolimex,VNINDEX,stock
PLA,Cong ty Co phan Dau tu va Dich vu ha tang Xang dau,UPCOMINDEX,stock
PLC,Tong Cong ty Hoa dau Petrolimex - Cong ty Co phan,HNXINDEX,stock
PLO,Cong ty Co phan Kho van Petec,UPCOMINDEX,stock
PLE,Cong ty Co phan Tu van Xay dung Petrolimex,UPCOMINDEX,stock
PMC,Cong ty Co phan Duoc pham Duoc lieu Pharmedic,HNXINDEX,stock
PMG,Cong ty Co phan Dau tu va San xuat Petro Mien Trung,VNINDEX,stock
PMJ,Cong ty co phan Vat tu Buu dien,UPCOMINDEX,stock
PMP,Cong ty Co phan Bao bi Dam Phu My,HNXINDEX,stock
PMS,Cong ty Co phan Co khi Xang dau,HNXINDEX,stock
PMT,Cong ty Co phan Vien thong Telvina Viet Nam,UPCOMINDEX,stock
PMW,Cong ty Co phan Cap Nuoc Phu My,UPCOMINDEX,stock
PNC,Cong ty Co phan Van hoa Phuong Nam,VNINDEX,stock
PNG,Cong ty Co phan Thuong Mai Phu Nhuan,UPCOMINDEX,stock
PND,Cong ty Co phan Xang dau Dau khi Nam Dinh,UPCOMINDEX,stock
PNJ,Cong ty Co phan Vang bac Da quy Phu Nhuan,VNINDEX,stock
PNP,Cong ty Co phan Tan Cang â€“ Phu Huu,UPCOMINDEX,stock
PNT,Cong ty Co phan Ky thuat Xay dung Phu Nhuan,UPCOMINDEX,stock
POB,Cong ty Co phan Xang dau Dau khi Thai Binh,UPCOMINDEX,stock
POM,Cong ty Co phan Thep Pomina,VNINDEX,stock
POT,Cong ty Co phan Thiet bi Buu dien,HNXINDEX,stock
POV,Cong ty Co phan Xang dau Dau khi Vung Ang,UPCOMINDEX,stock
DNA,Cong ty Co phan Dien nuoc An Giang,UPCOMINDEX,stock
PPC,Cong ty Co phan Nhiet dien Pha Lai,VNINDEX,stock
PPE,Cong ty Co phan Tu van Dau tu PP Enterprise,HNXINDEX,stock
PPH,Tong Cong ty Co phan Phong Phu,UPCOMINDEX,stock
PPI,Cong ty Co phan Dau tu va Phat trien du an ha tang Thai Binh Duong,UPCOMINDEX,stock
PPP,Cong ty Co phan Duoc pham Phong Phu,HNXINDEX,stock
PPS,Cong ty Co phan Dich vu Ky thuat Dien luc Dau khi Viet Nam,HNXINDEX,stock
PRC,Cong ty Co phan Logistics Portserco,HNXINDEX,stock
PRO,Cong ty Co phan Procimex Viet Nam,UPCOMINDEX,stock
PSB,Cong ty Co phan Dau tu Dau khi Sao Mai Ben Dinh,UPCOMINDEX,stock
PSC,Cong ty Co phan Van tai va Dich vu Petrolimex Sai Gon,HNXINDEX,stock
BT1,Cong ty Co phan Bao ve thuc vat 1 Trung uong,UPCOMINDEX,stock
PSD,Cong ty Co phan Dich vu Phan phoi Tong hop Dau khi,HNXINDEX,stock
PSE,Cong ty Co phan Phan bon va hoa chat dau khi Dong Nam Bo,HNXINDEX,stock
PSG,Cong ty Co phan Dau tu va Xay lap Dau khi Sai Gon,UPCOMINDEX,stock
PSI,Cong ty Co phan Chung khoan Dau khi,HNXINDEX,stock
PSL,Cong ty Co phan Chan nuoi Phu Son,UPCOMINDEX,stock
PSP,Cong ty Co phan Cang Dich vu Dau khi Dinh Vu,UPCOMINDEX,stock
PTB,Cong ty Co phan Phu Tai,VNINDEX,stock
GCB,Cong ty Co phan PETEC Binh Dinh,UPCOMINDEX,stock
PTC,Cong ty Co phan Dau tu ICAPITAL,VNINDEX,stock
PTE,Cong ty Co phan Xi mang Phu Tho,UPCOMINDEX,stock
PTO,Cong ty Co phan Dich vu - Xay dung Cong trinh Buu dien,UPCOMINDEX,stock
KSF,Cong ty co phan Tap doan Real Tech,HNXINDEX,stock
PTD,Cong ty Co phan Thiet ke - Xay dung - Thuong mai Phuc Thinh,HNXINDEX,stock
PTG,Cong ty Co phan May Xuat Khau Phan Thiet,UPCOMINDEX,stock
PTH,Cong ty Co phan Van tai va Dich vu Petrolimex Ha Tay,UPCOMINDEX,stock
PTI,Tong Cong ty Co phan Bao hiem Buu dien,HNXINDEX,stock
PTL,Cong ty Co phan Victory Capital,VNINDEX,stock
PTP,Cong ty Co phan Dich vu Vien Thong va In Buu dien,UPCOMINDEX,stock
PTS,Cong ty Co phan Van tai va Dich vu Petrolimex Hai Phong,HNXINDEX,stock
POS,"Cong ty Co phan Dich vu lap dat, van hanh va bao duong cong trinh dau khi bien PTSC",UPCOMINDEX,stock
PSN,Cong ty Co phan Dich vu Ky thuat PTSC Thanh Hoa,UPCOMINDEX,stock
PTX,Cong ty Co phan Van tai va Dich vu Petrolimex Nghe Tinh,UPCOMINDEX,stock
PTT,Cong ty Co phan Van tai Dau khi Dong Duong,UPCOMINDEX,stock
DSP,Cong ty Co phan Dich vu Du lich Phu Tho,UPCOMINDEX,stock
DTD,Cong ty Co phan Dau tu Phat trien Thanh Dat,HNXINDEX,stock
DAT,Cong ty Co phan Dau tu Du lich va Phat trien Thuy san,VNINDEX,stock
PV2,Cong ty Co phan Dau tu PV2,HNXINDEX,stock
PVA,Cong ty Co phan Tong Cong ty Xay lap Dau khi Nghe An,UPCOMINDEX,stock
PVB,Cong ty Co phan Boc ong Dau khi Viet Nam,HNXINDEX,stock
PBT,Cong ty Co Phan Nha va Thuong mai Dau khi,UPCOMINDEX,stock
PVC,Tong Cong ty Hoa chat va Dich vu Dau khi - Cong ty Co phan,HNXINDEX,stock
PCE,Cong ty Co phan Phan bon va hoa chat dau khi Mien Trung,HNXINDEX,stock
PVM,Cong ty Co phan May - Thiet bi Dau khi,UPCOMINDEX,stock
PXC,Cong ty Co phan Phat trien Do thi Dau khi,UPCOMINDEX,stock
PVH,Cong ty Co phan Xay lap Dau khi Thanh Hoa,UPCOMINDEX,stock
PVD,Tong Cong ty Co phan Khoan va Dich vu khoan Dau khi,VNINDEX,stock
PCN,Cong ty Co phan Hoa pham dau khi DMC - Mien Bac,UPCOMINDEX,stock
PVE,Tong Cong ty Tu van Thiet ke Dau khi - Cong ty Co phan,UPCOMINDEX,stock
PSW,Cong ty Co phan Phan bon va hoa chat dau khi Tay Nam Bo,HNXINDEX,stock
PVG,Cong ty Co phan Kinh doanh LPG Viet Nam,HNXINDEX,stock
PVI,Cong ty Co phan PVI,HNXINDEX,stock
PRE,Tong Cong ty Co phan Tai bao hiem Ha Noi,HNXINDEX,stock
PVL,Cong ty Co phan Dau tu Nha Dat Viet,UPCOMINDEX,stock
OIL,Tong Cong ty Dau Viet Nam - Cong ty Co phan,UPCOMINDEX,stock
PPY,Cong ty Co phan Xang dau dau khi Phu Yen,HNXINDEX,stock
POW,Tong Cong ty Dien luc Dau khi Viet Nam - CTCP,VNINDEX,stock
PVR,Cong ty Co phan Dau tu PVR Ha Noi,UPCOMINDEX,stock
PVS,Tong Cong ty Co phan Dich vu Ky thuat Dau khi Viet Nam,HNXINDEX,stock
PVY,Cong ty Co phan Che tao Gian khoan Dau khi,UPCOMINDEX,stock
PVT,Tong Cong ty Co phan Van tai Dau khi,VNINDEX,stock
PVP,Cong ty Co phan Van tai Dau khi Thai Binh Duong,VNINDEX,stock
PVV,Cong ty Co phan Vinaconex 39,UPCOMINDEX,stock
PVX,Tong Cong ty Co phan Xay lap Dau khi Viet Nam,UPCOMINDEX,stock
PWA,Cong ty Co phan Bat dong san dau khi,UPCOMINDEX,stock
PX1,Cong ty Co phan Xi mang Song Lam 2,UPCOMINDEX,stock
PXA,Cong ty Co phan Dau tu va Thuong mai Dau khi Nghe An,UPCOMINDEX,stock
PXI,Cong ty Co phan Xay dung Cong nghiep va Dan dung Dau khi,UPCOMINDEX,stock
PXL,Cong ty Co phan Dau tu Khu Cong Nghiep Dau khi Long Son,UPCOMINDEX,stock
PXM,Cong ty Co phan Xay lap Dau khi Mien Trung,UPCOMINDEX,stock
PXS,Cong ty Co phan Ket cau Kim loai va Lap may Dau khi,UPCOMINDEX,stock
PXT,Cong ty Co phan Xay lap Duong ong Be chua Dau khi,UPCOMINDEX,stock
PWS,Cong ty Co phan Cap thoat nuoc Phu Yen,UPCOMINDEX,stock
BQB,Cong ty Co phan Bia Ha Noi - Quang Binh,UPCOMINDEX,stock
QBS,Cong ty Co phan Xuat nhap khau Quang Binh,VNINDEX,stock
QCC,Cong ty Co phan Dau tu Xay dung va Phat trien Ha tang Vien Thong,UPCOMINDEX,stock
QCG,Cong ty Co phan Quoc Cuong Gia Lai,VNINDEX,stock
QHD,Cong ty Co phan Que han dien Viet Duc,HNXINDEX,stock
QHW,Cong ty Co phan Nuoc khoang Quang Ninh,UPCOMINDEX,stock
QNC,Cong ty Co phan Xi mang va Xay dung Quang Ninh,UPCOMINDEX,stock
MQN,Cong ty Co phan Moi truong do thi Quang Ngai,UPCOMINDEX,stock
QSP,Cong ty Co phan Tan cang Quy Nhon,UPCOMINDEX,stock
QNP,Cong ty Co phan Cang Quy Nhon,VNINDEX,stock
CQN,Cong ty Co phan Cang Quang Ninh,UPCOMINDEX,stock
PQN,Cong ty Co phan Dich vu Dau khi Quang Ngai PTSC,UPCOMINDEX,stock
QNS,Cong ty Co phan Duong Quang Ngai,UPCOMINDEX,stock
QNT,Cong ty Co phan Tu van va Dau tu Phat trien Quang Nam,UPCOMINDEX,stock
QTP,Cong ty Co phan Nhiet dien Quang Ninh,UPCOMINDEX,stock
QNU,Cong ty Co phan Moi truong Do thi Quang Nam,UPCOMINDEX,stock
QNW,Cong ty Co phan Cap thoat nuoc va xay dung Quang Ngai,UPCOMINDEX,stock
QPH,Cong ty Co phan Thuy dien Que Phong,UPCOMINDEX,stock
QST,Cong ty Co phan Sach va Thiet bi truong hoc Quang Ninh,HNXINDEX,stock
QTC,Cong ty Co phan Cong trinh Giao thong Van tai Quang Nam,HNXINDEX,stock
NQN,Cong ty Co phan Nuoc sach Quang Ninh,UPCOMINDEX,stock
RAL,Cong ty Co phan Bong den Phich nuoc Rang Dong,VNINDEX,stock
RAT,Cong ty Co phan Van tai va Thuong mai Duong sat,UPCOMINDEX,stock
RCC,Cong ty Co phan Tong Cong ty Cong trinh Duong sat,UPCOMINDEX,stock
RCD,Cong ty Co phan Xay dung - Dia oc Cao su,UPCOMINDEX,stock
RCL,Cong ty Co phan Dia oc Cho Lon,HNXINDEX,stock
RDP,Cong ty Co phan Rang Dong Holding,VNINDEX,stock
REE,Cong ty Co phan Co dien Lanh,VNINDEX,stock
TBR,Cong ty Co phan Dia oc Tan Binh,UPCOMINDEX,stock
RIC,Cong ty Co phan Quoc Te Hoang Gia,UPCOMINDEX,stock
DS3,Cong ty Co phan DS3,HNXINDEX,stock
RBC,Cong ty Co phan Cong Nghiep va Xuat nhap khau Cao Su,UPCOMINDEX,stock
S12,Cong ty Co phan Song Da 12,UPCOMINDEX,stock
S27,Cong ty Co phan Song Da 27,UPCOMINDEX,stock
S55,Cong ty Co phan Song Da 505,HNXINDEX,stock
S72,Cong ty Co phan Song Da 7.02,UPCOMINDEX,stock
S74,Cong ty Co phan Song Da 7.04,UPCOMINDEX,stock
S96,Cong ty Co phan Song Da 9.06,UPCOMINDEX,stock
S99,Cong ty Co phan SCI,HNXINDEX,stock
BSH,Cong ty Co phan Bia Sai Gon - Ha Noi,UPCOMINDEX,stock
BSQ,Cong ty Co phan Bia Sai Gon - Quang Ngai,UPCOMINDEX,stock
SAF,Cong ty Co phan Luong thuc Thuc pham SAFOCO,HNXINDEX,stock
SGN,Cong ty Co phan Phuc vu mat dat Sai Gon,VNINDEX,stock
SAL,Cong ty Co phan Truc vot Cuu ho Viet Nam,UPCOMINDEX,stock
SAM,Cong ty Co phan SAM Holdings,VNINDEX,stock
SKV,Cong ty Co phan Nuoc Giai khat Yen sao Khanh Hoa,UPCOMINDEX,stock
SKH,Cong ty Co phan Nuoc giai khat Sanest Khanh Hoa,UPCOMINDEX,stock
SAP,Cong ty Co phan In Sach Giao khoa TP.Ho Chi Minh,UPCOMINDEX,stock
APT,Cong ty Co phan Kinh doanh thuy hai san Sai Gon,UPCOMINDEX,stock
CHS,Cong ty Co phan Chieu sang Cong cong Thanh pho Ho Chi Minh,UPCOMINDEX,stock
SAS,Cong ty Co phan Dich vu Hang khong San bay Tan Son Nhat,UPCOMINDEX,stock
BSL,Cong ty Co phan Bia Sai Gon - Song Lam,UPCOMINDEX,stock
SAC,Cong ty Co phan Xep do va Dich vu cang Sai Gon,UPCOMINDEX,stock
SAV,Cong ty Co phan Hop tac Kinh te va Xuat nhap khau Savimex,VNINDEX,stock
VNB,Cong ty Co phan Sach Viet Nam,UPCOMINDEX,stock
SBA,Cong ty Co phan Song Ba,VNINDEX,stock
SAB,Tong Cong ty Co phan Bia - Ruou - Nuoc Giai khat Sai Gon,VNINDEX,stock
SBD,Cong ty Co phan Cong nghe Sao Bac Dau,UPCOMINDEX,stock
SBH,Cong ty Co phan Thuy dien Song Ba Ha,UPCOMINDEX,stock
SBL,Cong ty Co phan Bia Sai Gon - Bac Lieu,UPCOMINDEX,stock
SBM,Cong ty Co phan Dau tu phat trien Bac Minh,UPCOMINDEX,stock
SBS,Cong ty Co phan Chung khoan SBS,UPCOMINDEX,stock
SBT,Cong ty Co phan Thanh Thanh Cong - Bien Hoa,VNINDEX,stock
SC5,Cong ty Co phan Xay dung so 5,VNINDEX,stock
SCC,Cong ty Co phan Thuong mai Dau tu SHB,UPCOMINDEX,stock
SCD,Cong ty Co phan Nuoc giai khat Chuong Duong,VNINDEX,stock
SCG,Cong ty Co phan Tap doan Xay dung SCG,HNXINDEX,stock
SCI,Cong ty Co phan SCI E&C,HNXINDEX,stock
SID,Cong ty Co phan Dau tu Phat trien Sai Gon Co.op,UPCOMINDEX,stock
SCJ,Cong ty Co phan Xi mang Sai Son,UPCOMINDEX,stock
SCL,Cong ty Co phan Song Da Cao Cuong,UPCOMINDEX,stock
SCO,Cong ty Co phan Cong nghiep Thuy san,UPCOMINDEX,stock
SCR,Cong ty Co phan Dia Oc Sai Gon Thuong Tin,VNINDEX,stock
SCS,Cong ty Co phan Dich vu Hang hoa Sai Gon,VNINDEX,stock
SCY,Cong ty Co phan Dong tau Song Cam,UPCOMINDEX,stock
SD1,Cong ty Co phan Song Da 1,UPCOMINDEX,stock
SD2,Cong ty Co phan Song Da 2,UPCOMINDEX,stock
SD3,Cong ty Co phan Song Da 3,UPCOMINDEX,stock
SD4,Cong ty Co phan Song Da 4,UPCOMINDEX,stock
SD5,Cong ty Co phan Song Da 5,HNXINDEX,stock
SD6,Cong ty Co phan Song Da 6,HNXINDEX,stock
SD7,Cong ty Co phan Song Da 7,UPCOMINDEX,stock
SD8,Cong ty Co phan Song Da 8,UPCOMINDEX,stock
SD9,Cong ty Co phan Song Da 9,HNXINDEX,stock
SDA,Cong ty Co phan SIMCO Song Da,HNXINDEX,stock
SDB,Cong ty Co phan Song Da 207,UPCOMINDEX,stock
SDC,Cong ty Co phan Tu van Song Da,HNXINDEX,stock
SDD,Cong ty Co phan Dau tu va Xay lap Song Da,UPCOMINDEX,stock
SDG,Cong ty Co phan Sadico Can Tho,HNXINDEX,stock
SDJ,Cong ty Co phan Song Da 25,UPCOMINDEX,stock
SDK,Cong ty Co phan Co khi Luyen Kim,UPCOMINDEX,stock
SDN,Cong ty Co phan Son Dong Nai,HNXINDEX,stock
SDP,Cong ty Co phan SDP,UPCOMINDEX,stock
XLV,Cong ty Co phan Xay lap va Dich vu Song Da,UPCOMINDEX,stock
SDT,Cong ty Co phan Song Da 10,UPCOMINDEX,stock
SDU,Cong ty Co phan Dau tu Xay dung va Phat trien Do thi Song Da,HNXINDEX,stock
SDV,Cong ty Co phan Dich vu Sonadezi,UPCOMINDEX,stock
SDX,Cong ty Co phan Phong chay chua chay va Dau tu Xay dung Song Da,UPCOMINDEX,stock
SDY,Cong ty Co phan Xi mang Song Da Yaly,UPCOMINDEX,stock
SSB,Ngan hang Thuong mai Co phan Dong Nam A,VNINDEX,stock
SEA,Tong Cong ty Thuy san Viet Nam - Cong ty Co phan,UPCOMINDEX,stock
SPV,Cong ty Co phan Thuy Dac San,UPCOMINDEX,stock
SEB,Cong ty Co phan Dau tu va Phat trien Dien Mien Trung,HNXINDEX,stock
SED,Cong ty Co phan Dau tu va Phat trien Giao duc Phuong Nam,HNXINDEX,stock
SEP,Cong ty Co phan Tong Cong ty Thuong mai Quang Tri,UPCOMINDEX,stock
SFC,Cong ty Co phan Nhien lieu Sai Gon,VNINDEX,stock
SFG,Cong ty Co phan Phan bon Mien Nam,VNINDEX,stock
SFI,Cong ty Co phan Dai ly Van tai SAFI,VNINDEX,stock
SFN,Cong ty Co phan Det luoi Sai Gon,HNXINDEX,stock
SGB,Ngan hang Thuong mai Co phan Sai Gon Cong thuong,UPCOMINDEX,stock
SBB,Cong ty co phan Tap doan Bia Sai Gon Binh Tay,UPCOMINDEX,stock
BSG,Cong ty Co phan Xe khach Sai Gon,UPCOMINDEX,stock
SGC,Cong ty Co phan Xuat nhap khau Sa Giang,HNXINDEX,stock
SGD,Cong ty Co phan Sach Giao duc tai Thanh pho Ho Chi Minh,HNXINDEX,stock
SGH,Cong ty Co phan Khach san Sai Gon,HNXINDEX,stock
NSG,Cong ty Co phan Nhua Sai Gon,UPCOMINDEX,stock
SGR,Cong ty Co phan Tong Cong ty Co phan Dia oc Sai Gon,VNINDEX,stock
SRT,Cong ty Co phan Van tai Duong sat Sai Gon,UPCOMINDEX,stock
SGS,Cong ty Co phan Van tai bien Sai Gon,UPCOMINDEX,stock
SGT,Cong ty Co phan Cong nghe Vien thong Sai Gon,VNINDEX,stock
SIP,Cong ty Co phan Dau tu Sai Gon VRG,VNINDEX,stock
TPS,Cong ty Co phan Ben bai van tai Sai Gon,UPCOMINDEX,stock
SHA,Cong ty Co phan Son Ha Sai Gon,VNINDEX,stock
NSH,Cong ty Co phan Tap doan Nhom Song Hong Shalumi,HNXINDEX,stock
SHB,Ngan hang Thuong mai Co phan Sai Gon â€“ Ha Noi,VNINDEX,stock
SHC,Cong ty Co phan Hang hai Sai Gon,UPCOMINDEX,stock
SHG,Tong Cong ty Co phan Song Hong,UPCOMINDEX,stock
MSH,Cong ty Co phan May Song Hong,VNINDEX,stock
SHI,Cong ty Co phan Quoc te Son Ha,VNINDEX,stock
SHN,Cong ty Co phan Dau tu Tong hop Ha Noi,HNXINDEX,stock
SHP,Cong ty Co phan Thuy dien Mien Nam,VNINDEX,stock
SHS,Cong ty Co phan Chung khoan Sai Gon - Ha Noi,HNXINDEX,stock
SBV,Cong ty Co phan Siam Brothers Viet Nam,VNINDEX,stock
SZC,Cong ty Co phan Sonadezi Chau Duc,VNINDEX,stock
SII,Cong ty Co phan Ha tang Nuoc Sai Gon,UPCOMINDEX,stock
SIV,Cong ty Co phan SIVICO,UPCOMINDEX,stock
SJ1,Cong ty Co phan Nong nghiep Hung Hau,HNXINDEX,stock
SJC,Cong ty Co phan Song Da 1.01,UPCOMINDEX,stock
SJD,Cong ty Co phan Thuy dien Can Don,VNINDEX,stock
SJE,Cong ty Co phan Song Da 11,HNXINDEX,stock
SJF,Cong ty Co phan Dau tu Sao Thai Duong,VNINDEX,stock
SJM,Cong ty Co phan Song Da 19,UPCOMINDEX,stock
SJS,Cong ty Co phan Dau tu Phat trien Do thi va Khu cong nghiep Song Da,VNINDEX,stock
SKG,Cong ty Co phan Tau Cao toc Superdong - Kien Giang,VNINDEX,stock
SKN,Cong ty Co phan Nuoc giai khat Sanna Khanh Hoa,UPCOMINDEX,stock
SLS,Cong ty Co phan Mia duong Son La,HNXINDEX,stock
SMA,Cong ty Co phan Thiet bi Phu tung Sai Gon,VNINDEX,stock
SMB,Cong ty Co phan Bia Sai Gon - Mien Trung,VNINDEX,stock
SMC,Cong ty Co phan Dau tu Thuong mai SMC,VNINDEX,stock
SMT,Cong ty Co phan SAMETEL,HNXINDEX,stock
SNC,Cong ty Co phan Xuat nhap khau Thuy san Nam Can,UPCOMINDEX,stock
SMN,Cong ty Co phan Sach va thiet bi giao duc Mien Nam,HNXINDEX,stock
SIG,Cong ty Co phan Dau tu va Thuong mai Song Da,UPCOMINDEX,stock
SNZ,Tong Cong ty Co phan Phat trien Khu Cong nghiep,UPCOMINDEX,stock
SZG,Cong ty Co phan Sonadezi Giang Dien,UPCOMINDEX,stock
SJG,Tong Cong ty Song Da,UPCOMINDEX,stock
SHE,Cong ty Co phan Phat trien Nang Luong Son Ha,HNXINDEX,stock
SBR,Cong ty Co phan Cao su Song Be,UPCOMINDEX,stock
NSL,Cong ty Co phan Cap nuoc Son La,UPCOMINDEX,stock
SPB,Cong ty Co phan Soi Phu Bai,UPCOMINDEX,stock
SPC,Cong ty Co phan Bao ve Thuc vat Sai Gon,HNXINDEX,stock
SPD,Cong ty Co phan Xuat nhap khau Thuy san Mien Trung,UPCOMINDEX,stock
SPH,Cong ty Co phan Xuat Nhap khau Thuy san Ha Noi,UPCOMINDEX,stock
SP2,Cong ty Co phan Thuy dien Su Pan 2,UPCOMINDEX,stock
SPI,Cong ty Co phan Spiral Galaxy,HNXINDEX,stock
SPM,Cong ty Co phan S.P.M,VNINDEX,stock
ISH,Cong ty Co phan Thuy dien Srok Phu Mieng IDICO,UPCOMINDEX,stock
SQC,Cong ty Co phan Khoang san Sai Gon - Quy Nhon,UPCOMINDEX,stock
SRA,Cong ty Co phan SARA Viet Nam,HNXINDEX,stock
SRB,Cong ty Co phan Tap doan Sara,UPCOMINDEX,stock
SRC,Cong ty Co phan Cao su Sao Vang,VNINDEX,stock
SRF,Cong ty Co phan Searefico,VNINDEX,stock
TSG,Cong ty Co phan Thong tin Tin hieu Duong sat Sai Gon,UPCOMINDEX,stock
S4A,Cong ty Co phan Thuy dien Se San 4A,VNINDEX,stock
SSC,Cong ty Co phan Giong cay trong Mien Nam,VNINDEX,stock
SSF,Cong ty Co phan Giao duc G Sai Gon,UPCOMINDEX,stock
SSG,Cong ty Co phan Van tai Bien Hai Au,UPCOMINDEX,stock
SSI,Cong ty Co phan Chung khoan SSI,VNINDEX,stock
SSM,Cong ty Co phan Che tao ket cau thep VNECO.SSM,HNXINDEX,stock
SSN,Cong ty Co phan Xuat nhap khau Thuy san Sai Gon,UPCOMINDEX,stock
ST8,Cong ty Co phan Dau tu Phat trien ST8,VNINDEX,stock
STB,Ngan hang Thuong mai Co phan Sai Gon Thuong Tin,VNINDEX,stock
STC,Cong ty Co phan Sach va Thiet bi truong hoc Thanh pho Ho Chi Minh,HNXINDEX,stock
STG,Cong ty Co phan Kho Van Mien Nam,VNINDEX,stock
STL,Cong ty Co phan Song Da - Thang Long,UPCOMINDEX,stock
STP,Cong ty Co phan Cong nghiep Thuong mai Song Da,HNXINDEX,stock
STS,Cong ty Co phan Dich vu van tai Sai Gon,UPCOMINDEX,stock
STT,Cong ty Co phan Van chuyen Sai Gon Tourist,UPCOMINDEX,stock
STW,Cong ty Co phan Cap nuoc Soc Trang,UPCOMINDEX,stock
SVC,Cong ty Co phan Dich vu tong hop Sai Gon,VNINDEX,stock
SVD,Cong ty Co phan Dau tu & Thuong mai Vu Dang,VNINDEX,stock
SVG,Cong ty Co phan Hoi ky nghe Que han,UPCOMINDEX,stock
SVH,Cong ty Co phan Thuy dien Song Vang,UPCOMINDEX,stock
SVI,Cong ty Co phan Bao bi Bien Hoa,VNINDEX,stock
SVN,Cong ty Co phan Tap doan Vexilla Viet Nam,HNXINDEX,stock
SVT,Cong ty Co phan Cong nghe Sai Gon Vien Dong,VNINDEX,stock
SWC,Tong Cong ty Co phan Duong Song Mien Nam,UPCOMINDEX,stock
SZE,Cong ty Co phan Moi truong Sonadezi,UPCOMINDEX,stock
SZL,Cong ty Co phan Sonadezi Long Thanh,VNINDEX,stock
SZB,Cong ty Co phan Sonadezi Long Binh,HNXINDEX,stock
TA3,Cong ty co phan Dau tu va Xay lap Thanh An 386,UPCOMINDEX,stock
TA6,Cong ty Co phan Dau tu va Xay lap Thanh An 665,UPCOMINDEX,stock
TA9,Cong ty Co phan Xay lap Thanh An 96,HNXINDEX,stock
TKA,Cong ty Co phan Bao bi Tan Khanh An,UPCOMINDEX,stock
AST,Cong ty Co phan Dich vu Hang khong Taseco,VNINDEX,stock
TAL,Cong Ty Co Phan Dau Tu Bat Dong San Taseco,UPCOMINDEX,stock
TAW,Cong ty Co phan Cap nuoc Trung An,UPCOMINDEX,stock
TB8,Cong ty Co phan San xuat va Kinh doanh Vat tu Thiet bi - VVMI,UPCOMINDEX,stock
TBC,Cong ty Co phan Thuy dien Thac Ba,VNINDEX,stock
TBD,Tong cong ty Thiet bi dien Dong Anh - Cong ty Co phan,UPCOMINDEX,stock
TBH,Cong ty Co phan Tong Bach Hoa,UPCOMINDEX,stock
RTB,Cong ty Co phan Cao su Tan Bien,UPCOMINDEX,stock
TBT,Cong ty Co phan Xay dung Cong trinh Giao thong Ben Tre,UPCOMINDEX,stock
TBX,Cong ty Co phan Xi mang Thai Binh,HNXINDEX,stock
TC6,Cong ty Co phan Than Coc Sau - Vinacomin,HNXINDEX,stock
TCB,Ngan hang Thuong mai Co phan Ky thuong Viet Nam,VNINDEX,stock
TCL,Cong ty Co phan Dai ly Giao nhan Van tai Xep do Tan Cang,VNINDEX,stock
TCM,Cong ty Co phan Det may - Dau tu - Thuong mai Thanh Cong,VNINDEX,stock
TCO,Cong ty Co phan TCO Holdings,VNINDEX,stock
TCR,Cong ty Co phan Cong nghiep Gom su TAICERA,VNINDEX,stock
FUCVREIT,Quy dau tu Bat dong san Techcom Viet Nam,VNINDEX,stock
TCI,Cong ty Co phan Chung khoan Thanh Cong,VNINDEX,stock
TCT,Cong ty Co phan Cap treo Nui Ba Tay Ninh,VNINDEX,stock
G36,Tong Cong ty 36 - Cong ty Co phan,UPCOMINDEX,stock
TCW,Cong ty Co phan Kho Van Tan Cang,UPCOMINDEX,stock
TDC,Cong ty Co phan Kinh doanh va Phat trien Binh Duong,VNINDEX,stock
VCP,Cong ty Co phan Xay dung va Nang luong VCP,UPCOMINDEX,stock
GTD,Cong ty Co phan Giay Thuong Dinh,UPCOMINDEX,stock
TDG,Cong ty Co phan Dau tu TDG Global,VNINDEX,stock
TDH,Cong ty Co phan Phat trien Nha Thu Duc,VNINDEX,stock
TTD,Cong ty Co phan Benh vien Tim Tam Duc,UPCOMINDEX,stock
TDM,Cong ty Co phan Nuoc Thu Dau Mot,VNINDEX,stock
TDN,Cong ty Co phan Than Deo Nai - Vinacomin,HNXINDEX,stock
NTH,Cong ty Co phan Thuy dien Nuoc Trong,HNXINDEX,stock
TDP,Cong ty Co phan Thuan Duc,VNINDEX,stock
TDS,Cong ty Co phan Thep Thu Duc - VNSTEEL,UPCOMINDEX,stock
TDT,Cong ty Co phan Dau tu va Phat trien TDT,HNXINDEX,stock
TDW,Cong ty Co phan Cap nuoc Thu Duc,VNINDEX,stock
CET,Cong ty Co phan HTC Holding,HNXINDEX,stock
TED,Tong Cong ty Tu van Thiet ke Giao thong Van tai - CTCP,UPCOMINDEX,stock
TEG,Cong ty Co phan Nang Luong va Bat dong san Truong Thanh,VNINDEX,stock
TEL,Cong ty Co phan Phat trien cong trinh vien thong,UPCOMINDEX,stock
TET,Cong ty Co phan Vai soi May mac Mien Bac,HNXINDEX,stock
TFC,Cong ty Co phan Trang,HNXINDEX,stock
TGG,Cong ty Co phan The Golden Group,UPCOMINDEX,stock
TGP,Cong ty Co phan Truong Phu,UPCOMINDEX,stock
TH1,Cong ty Co phan Xuat nhap khau Tong hop I Viet Nam,UPCOMINDEX,stock
MTB,Cong ty Co phan Moi truong va Cong trinh do thi tinh Thai Binh,UPCOMINDEX,stock
TLP,Tong Cong ty Thuong mai Xuat nhap khau Thanh Le - CTCP,UPCOMINDEX,stock
THN,Cong ty Co phan Cap nuoc Thanh Hoa,UPCOMINDEX,stock
THB,Cong ty Co phan Bia Ha Noi - Thanh Hoa,HNXINDEX,stock
BTB,Cong ty Co phan Bia Ha Noi - Thai Binh,UPCOMINDEX,stock
THD,Cong ty Co phan Thaiholdings,HNXINDEX,stock
DTH,Cong ty Co phan Duoc - Vat tu Y te Thanh Hoa,UPCOMINDEX,stock
THG,Cong ty Co phan Dau tu va Xay dung Tien Giang,VNINDEX,stock
TQN,Cong ty Co phan Thong Quang Ninh,UPCOMINDEX,stock
THS,Cong ty Co phan Thanh Hoa Song Da,HNXINDEX,stock
THT,Cong ty Co phan Than Ha Tu - Vinacomin,HNXINDEX,stock
THU,Cong ty Co phan Moi truong va Cong trinh do thi Thanh Hoa,UPCOMINDEX,stock
TAN,Cong ty Co phan Ca phe Thuan An,UPCOMINDEX,stock
THW,Cong ty Co phan Cap nuoc Tan Hoa,UPCOMINDEX,stock
TIE,Cong ty Co phan TIE,UPCOMINDEX,stock
TTH,Cong ty Co phan Thuong mai va Dich vu Tien Thanh,HNXINDEX,stock
TIG,Cong ty Co phan Tap doan Dau tu Thang Long,HNXINDEX,stock
TID,Cong ty Co phan Tong Cong ty Tin Nghia,UPCOMINDEX,stock
TIP,Cong ty Co phan Phat trien Khu cong nghiep Tin Nghia,VNINDEX,stock
DTG,Cong ty Co phan Duoc pham Tipharco,HNXINDEX,stock
TIS,Cong ty Co phan Gang thep Thai Nguyen,UPCOMINDEX,stock
TIX,Cong ty Co phan San xuat Kinh doanh Xuat nhap khau Dich vu va Dau tu Tan Binh,VNINDEX,stock
TJC,Cong ty Co phan Dich vu Van tai va Thuong mai,HNXINDEX,stock
TKG,Cong ty Co phan San xuat va Thuong mai Tung Khanh,HNXINDEX,stock
TKU,Cong ty Co phan Cong nghiep Tung Kuang,HNXINDEX,stock
TL4,Tong Cong ty Xay dung Thuy loi 4 - Cong ty Co phan,UPCOMINDEX,stock
TLD,Cong ty Co phan Dau tu Xay dung va Phat trien Do thi Thang Long,VNINDEX,stock
TLG,Cong ty Co phan Tap doan Thien Long,VNINDEX,stock
TTL,Tong Cong ty Thang Long - Cong ty Co phan,HNXINDEX,stock
TLH,Cong ty Co phan Tap doan Thep Tien Len,VNINDEX,stock
TLI,Cong ty Co phan May Quoc te Thang Loi,UPCOMINDEX,stock
MBS,Cong ty Co phan Chung khoan MB,HNXINDEX,stock
TLT,Cong ty Co phan Viglacera Thang Long,UPCOMINDEX,stock
TMC,Cong ty Co phan Thuong mai Xuat nhap khau Thu Duc,HNXINDEX,stock
TMP,Cong ty Co phan Thuy dien Thac Mo,VNINDEX,stock
TMS,Cong ty Co phan Transimex,VNINDEX,stock
TMT,Cong ty Co phan O to TMT,VNINDEX,stock
TMW,Cong ty Co phan Tong hop Go Tan Mai,UPCOMINDEX,stock
TMX,Cong ty Co phan VICEM Thuong mai Xi mang,HNXINDEX,stock
TN1,Cong ty Co phan Thuong mai Dich vu TNS Holdings,VNINDEX,stock
TNA,Cong ty Co phan Thuong mai Xuat nhap khau Thien Nam,VNINDEX,stock
TNB,Cong ty Co phan Thep Nha Be - VNSTEEL,UPCOMINDEX,stock
STH,Cong ty Co phan Phat hanh sach Thai Nguyen,UPCOMINDEX,stock
TNC,Cong ty Co phan Cao su Thong Nhat,VNINDEX,stock
BAX,Cong ty Co phan Thong Nhat,HNXINDEX,stock
TNS,Cong ty Co phan Thep Tam La Thong Nhat,UPCOMINDEX,stock
TNG,Cong ty Co phan Dau tu va Thuong mai TNG,HNXINDEX,stock
TNI,Cong ty Co phan Tap doan Thanh Nam,VNINDEX,stock
TNM,Cong ty Co phan Xuat nhap khau va Xay dung Cong trinh,UPCOMINDEX,stock
TNP,Cong ty Co phan Cang Thi Nai,UPCOMINDEX,stock
TNT,Cong ty Co phan Tap doan TNT,VNINDEX,stock
TCJ,Cong ty Co phan To Chau,UPCOMINDEX,stock
GDA,Cong ty Co phan Ton Dong A,UPCOMINDEX,stock
TOP,Cong ty Co phan Phan phoi Top One,UPCOMINDEX,stock
TOT,Cong ty Co phan Transimex Logistics,HNXINDEX,stock
TPB,Ngan hang Thuong mai Co phan Tien Phong,VNINDEX,stock
BCF,Cong ty Co phan Thuc pham Bich Chi,HNXINDEX,stock
TPC,Cong ty Co phan Nhua Tan Dai Hung,VNINDEX,stock
TPH,Cong ty Co phan In Sach giao khoa tai Thanh pho Ha Noi,HNXINDEX,stock
TPP,Cong ty Co phan Tan Phu Viet Nam,HNXINDEX,stock
THP,Cong ty Co phan Thuy san va Thuong mai Thuan Phuoc,UPCOMINDEX,stock
TRA,Cong ty Co phan Traphaco,VNINDEX,stock
TR1,Cong ty Co phan Van Tai 1 Traco,UPCOMINDEX,stock
TCD,Cong ty Co phan Dau tu Phat trien Cong nghiep va Van tai,VNINDEX,stock
TRC,Cong ty Co phan Cao su Tay Ninh,VNINDEX,stock
TRS,Cong ty Co phan Van tai va Dich vu Hang Hai,UPCOMINDEX,stock
TAR,Cong ty Co phan Nong nghiep Cong nghe cao Trung An,HNXINDEX,stock
TDF,Cong ty Co phan Trung Do,UPCOMINDEX,stock
TVB,Cong ty Co phan Chung khoan Tri Viet,VNINDEX,stock
TS4,Cong ty Co phan Thuy san so 4,UPCOMINDEX,stock
TSB,Cong ty Co phan Ac quy Tia Sang,HNXINDEX,stock
TSC,Cong ty Co phan Vat tu Ky thuat Nong nghiep Can Tho,VNINDEX,stock
TSD,Cong ty Co phan Du lich Truong Son Coecco,UPCOMINDEX,stock
TST,Cong ty Co phan Dich vu Ky thuat Vien thong,UPCOMINDEX,stock
TTA,Cong ty Co phan Dau tu Xay dung va Phat trien Truong Thanh,VNINDEX,stock
TTB,Cong ty Co phan Tap doan Tien Bo,UPCOMINDEX,stock
TTC,Cong ty Co phan Gach men Thanh Thanh,HNXINDEX,stock
TTT,Cong ty Co phan Du Lich - Thuong Mai Tay Ninh,HNXINDEX,stock
TTF,Cong ty Co phan Tap doan Ky nghe Go Truong Thanh,VNINDEX,stock
TTG,Cong ty Co phan May Thanh Tri,UPCOMINDEX,stock
HUB,Cong ty Co phan Xay lap Thua Thien Hue,VNINDEX,stock
TRT,Cong ty Co phan RedstarCera,UPCOMINDEX,stock
TTN,Cong ty Co phan Cong nghe & Truyen thong Viet Nam,UPCOMINDEX,stock
TTP,Cong ty Co phan Bao bi Tan Tien,UPCOMINDEX,stock
TTZ,Cong ty Co phan Dau tu Xay dung va Cong nghe Tien Trung,UPCOMINDEX,stock
GND,Cong ty Co phan Gach ngoi Dong Nai,UPCOMINDEX,stock
TQW,Cong ty Co phan Cap thoat nuoc Tuyen Quang,UPCOMINDEX,stock
TV1,Cong ty Co phan Tu van Xay dung Dien 1,UPCOMINDEX,stock
TV2,Cong ty Co phan Tu van Xay dung Dien 2,VNINDEX,stock
TV3,Cong ty Co phan Tu van Xay dung Dien 3,HNXINDEX,stock
TV4,Cong ty Co phan Tu van Xay dung Dien 4,HNXINDEX,stock
TV6,Cong ty Co phan Thuong mai Dau tu xay lap dien Thinh Vuong,UPCOMINDEX,stock
TVA,Cong ty co phan Su Viglacera Thanh Tri,UPCOMINDEX,stock
TVC,Cong ty Co phan Tap doan Quan ly Tai san Tri Viet,HNXINDEX,stock
TVD,Cong ty Co phan Than Vang Danh - Vinacomin,HNXINDEX,stock
TVG,Cong ty Co phan Tu van Dau tu va Xay dung Giao thong Van tai,UPCOMINDEX,stock
TVS,Cong ty Co phan Chung khoan Thien Viet,VNINDEX,stock
TNW,Cong ty Co phan Nuoc sach Thai Nguyen,UPCOMINDEX,stock
TXM,Cong ty Co phan VICEM Thach cao Xi Mang,HNXINDEX,stock
TYA,Cong ty Co phan Day va Cap dien Taya Viet Nam,VNINDEX,stock
UCT,Cong ty Co phan Do thi Can Tho,UPCOMINDEX,stock
UDC,Cong ty Co phan Xay dung va Phat trien do thi Tinh Ba Ria - Vung Tau,UPCOMINDEX,stock
UDJ,Cong ty Co phan Phat trien Do thi,UPCOMINDEX,stock
UEM,Cong ty Co phan Co dien Uong Bi - Vinacomin,UPCOMINDEX,stock
FCC,Cong ty Co phan Lien hop Thuc pham,UPCOMINDEX,stock
UIC,Cong ty Co phan Dau tu Phat trien Nha va Do thi IDICO,VNINDEX,stock
UMC,Cong ty Co phan Cong trinh do thi Nam Dinh,UPCOMINDEX,stock
UNI,Cong ty Co phan Dau tu va Phat trien Sao Mai Viet,HNXINDEX,stock
UPC,Cong ty Co phan Phat trien Cong vien Cay xanh va Do thi Vung Tau,UPCOMINDEX,stock
UPH,Cong ty Co phan Duoc pham TW25,UPCOMINDEX,stock
USC,Cong ty Co phan Khao sat va Xay dung - USCO,UPCOMINDEX,stock
USD,Cong ty Co phan Cong trinh Do thi Soc Trang,UPCOMINDEX,stock
V11,Cong ty Co phan Xay dung so 11,UPCOMINDEX,stock
V12,Cong ty Co phan Xay dung so 12,HNXINDEX,stock
V15,Cong ty Co phan Xay dung so 15,UPCOMINDEX,stock
V21,Cong ty Co phan Vinaconex 21,HNXINDEX,stock
VAB,Ngan hang Thuong mai Co phan Viet A,UPCOMINDEX,stock
VAF,Cong ty Co phan Phan lan nung chay Van Dien,VNINDEX,stock
PAT,Cong ty Co phan Phot pho Apatit Viet Nam,UPCOMINDEX,stock
VAV,Cong ty Co phan VIWACO,UPCOMINDEX,stock
VBC,"Cong ty Co phan Nhua, Bao bi Vinh",HNXINDEX,stock
VBH,Cong ty Co phan Dien tu Binh Hoa,UPCOMINDEX,stock
VC1,Cong ty Co phan Xay dung so 1,HNXINDEX,stock
VC2,Cong ty Co phan Dau tu va Xay dung VINA2,HNXINDEX,stock
VC3,Cong ty Co phan Tap doan Nam Me Kong,HNXINDEX,stock
VC5,Cong ty Co phan xay dung so 5,UPCOMINDEX,stock
VC6,Cong ty co phan Xay dung va Dau tu Visicons,HNXINDEX,stock
VC7,Cong ty Co phan Tap doan BGI,HNXINDEX,stock
VC9,Cong ty Co phan Xay dung so 9 - VC9,HNXINDEX,stock
VCA,Cong ty Co phan Thep VICASA - VNSTEEL,VNINDEX,stock
VCB,Ngan hang Thuong mai Co phan Ngoai thuong Viet Nam,VNINDEX,stock
VCC,Cong ty Co phan Vinaconex 25,HNXINDEX,stock
CCV,Cong ty Co phan Tu van Xay dung Cong nghiep va Do thi Viet Nam,UPCOMINDEX,stock
VCF,Cong ty Co phan VinaCafe Bien Hoa,VNINDEX,stock
VCG,Tong Cong ty Co phan Xuat nhap khau va Xay dung Viet Nam,VNINDEX,stock
VIH,Cong ty Co phan Viglacera Ha Noi,UPCOMINDEX,stock
CLM,Cong ty Co phan Xuat nhap khau Than - Vinacomin,HNXINDEX,stock
VCM,Cong ty Co phan BV Life,HNXINDEX,stock
VCR,Cong ty Co phan Dau tu va Phat trien Du lich Vinaconex,UPCOMINDEX,stock
VCS,Cong ty Co phan VICOSTONE,HNXINDEX,stock
VCI,Cong ty Co phan Chung khoan Vietcap,VNINDEX,stock
VCT,Cong ty Co phan Tu van Xay dung Vinaconex,UPCOMINDEX,stock
VCX,Cong ty Co phan Xi mang Yen Binh,UPCOMINDEX,stock
VDB,Cong ty Co phan Van tai va Che bien Than Dong Bac,UPCOMINDEX,stock
VDL,Cong ty Co phan Thuc pham Lam Dong,HNXINDEX,stock
VDN,Cong ty Co phan Vinatex Da Nang,UPCOMINDEX,stock
VDS,Cong ty Co phan Chung khoan Rong Viet,VNINDEX,stock
VDT,Cong ty Co phan Luoi thep Binh Tay,UPCOMINDEX,stock
VE1,Cong ty Co phan Xay dung dien VNECO 1,HNXINDEX,stock
VE2,Cong ty Co phan Xay dung Dien VNECO 2,UPCOMINDEX,stock
VE3,Cong ty Co phan Xay dung dien VNECO 3,HNXINDEX,stock
VE4,Cong ty Co phan Xay dung dien VNECO4,HNXINDEX,stock
VE8,Cong ty Co phan Xay dung Dien Vneco 8,HNXINDEX,stock
VE9,Cong ty Co phan Dau tu va Xay dung VNECO 9,UPCOMINDEX,stock
VEA,Tong Cong ty May dong luc va May nong nghiep Viet Nam - CTCP,UPCOMINDEX,stock
VEF,Cong ty Co phan Trung tam Hoi cho Trien lam Viet Nam,UPCOMINDEX,stock
VEC,Tong Cong ty Co phan Dien tu va Tin hoc Viet Nam,UPCOMINDEX,stock
VES,Cong ty Co phan Dau tu va Xay dung Dien ME CA VNECO,UPCOMINDEX,stock
VFC,Cong ty Co phan VINAFCO,UPCOMINDEX,stock
VFG,Cong ty Co phan Khu trung Viet Nam,VNINDEX,stock
VFR,Cong ty Co phan Van tai va Thue tau,UPCOMINDEX,stock
VFS,Cong ty Co phan Chung khoan Nhat Viet,HNXINDEX,stock
VGC,Tong Cong ty Viglacera - Cong ty Co phan,VNINDEX,stock
VGP,Cong ty Co phan Cang Rau Qua,HNXINDEX,stock
VGS,Cong ty Co phan Ong thep Viet Duc VG PIPE,HNXINDEX,stock
VUA,Cong ty Co phan Chung khoan Stanley Brothers,UPCOMINDEX,stock
NDT,Tong Cong ty Co phan Det may Nam Dinh,UPCOMINDEX,stock
VHC,Cong ty Co phan Vinh Hoan,VNINDEX,stock
VHF,Cong ty Co phan Xay dung va Che bien luong thuc Vinh Ha,UPCOMINDEX,stock
VHG,Cong ty Co phan Dau tu va Phat trien Viet Trung Nam,UPCOMINDEX,stock
VHH,Cong ty Co phan Dau tu Kinh doanh nha Thanh Dat,UPCOMINDEX,stock
VHL,Cong ty Co phan Viglacera Ha Long,HNXINDEX,stock
VIB,Ngan hang Thuong mai Co phan Quoc te Viet Nam,VNINDEX,stock
VIC,Tap doan Vingroup - Cong ty CP,VNINDEX,stock
TVT,Tong Cong ty Viet Thang - CTCP,VNINDEX,stock
VID,Cong ty Co phan Dau tu Phat trien Thuong mai Vien Dong,VNINDEX,stock
SB1,Cong ty Co phan Bia Sai Gon - Nghe Tinh,UPCOMINDEX,stock
PVO,Cong ty Co phan Dau nhon PV Oil,UPCOMINDEX,stock
MBG,Cong ty Co phan Tap doan MBG,HNXINDEX,stock
VDP,Cong ty Co phan Duoc pham Trung uong VIDIPHA,VNINDEX,stock
VIE,Cong ty Co phan Cong nghe Vien thong VI TE CO,UPCOMINDEX,stock
MVB,Tong Cong ty Cong nghiep mo Viet Bac TKV - Cong ty Co phan,HNXINDEX,stock
VJC,Cong ty Co phan Hang khong Vietjet,VNINDEX,stock
DVM,Cong ty Co phan Duoc lieu Viet Nam,HNXINDEX,stock
VTD,Cong ty Co phan Vietourist Holdings,UPCOMINDEX,stock
VTR,Cong ty Co phan Du lich va tiep thi giao thong van tai Viet Nam - Vietravel,UPCOMINDEX,stock
VIG,Cong ty Co phan Chung khoan Dau tu Tai chinh Viet Nam,HNXINDEX,stock
VLC,Tong Cong ty Chan nuoi Viet Nam - Cong ty Co phan,UPCOMINDEX,stock
VIM,Cong ty Co phan Khoang san Viglacera,UPCOMINDEX,stock
TVM,Cong ty Co phan Tu van dau tu Mo va cong nghiep - Vinacomin,UPCOMINDEX,stock
TMG,Cong ty Co phan Kim loai mau Thai Nguyen - Vimico,UPCOMINDEX,stock
VIN,Cong ty Co phan Giao nhan Kho van Ngoai thuong Viet Nam,UPCOMINDEX,stock
DTK,Tong Cong ty Dien luc TKV - Cong ty Co phan,HNXINDEX,stock
VIF,Tong Cong ty Lam nghiep Viet Nam - Cong ty Co phan,HNXINDEX,stock
VHE,Cong ty Co phan Duoc lieu va Thuc pham Viet Nam,HNXINDEX,stock
VHD,Cong ty Co phan Dau tu phat trien nha va do thi VINAHUD,UPCOMINDEX,stock
VVN,Tong Cong ty Co phan Xay dung Cong nghiep Viet Nam,UPCOMINDEX,stock
KIP,Cong ty Co phan K.I.P Viet Nam,UPCOMINDEX,stock
VGT,Tap doan Det May Viet Nam,UPCOMINDEX,stock
VMT,Cong ty Co phan Giao nhan Van tai Mien Trung,UPCOMINDEX,stock
VGL,Cong ty Co phan Ma kem cong nghiep Vingal-Vnsteel,UPCOMINDEX,stock
VIP,Cong ty Co phan Van tai Xang dau VIPCO,VNINDEX,stock
GVT,Cong ty Co phan Giay Viet Tri,UPCOMINDEX,stock
VPS,Cong ty Co phan Thuoc sat trung Viet Nam,VNINDEX,stock
VGR,Cong ty Co phan Cang xanh VIP,UPCOMINDEX,stock
VLP,Cong ty Co phan Cong trinh Cong cong Vinh Long,UPCOMINDEX,stock
VIR,Cong ty Co phan Du lich Quoc te Vung Tau,UPCOMINDEX,stock
VSN,Cong ty Co phan Viet Nam Ky Nghe Suc San,UPCOMINDEX,stock
VIT,Cong ty Co phan Viglacera Tien Son,HNXINDEX,stock
VWS,Cong ty Co phan Nuoc va Moi truong Viet Nam,UPCOMINDEX,stock
VIW,Tong cong ty Dau tu Nuoc va Moi truong Viet Nam - Cong ty Co phan,UPCOMINDEX,stock
VIX,Cong ty Co phan Chung khoan VIX,VNINDEX,stock
VKC,Cong ty Co phan VKC Holdings,UPCOMINDEX,stock
VKP,Cong ty Co phan Nhua Tan Hoa,UPCOMINDEX,stock
VLA,Cong ty Co phan Dau tu va Phat trien Cong nghe Van Lang,HNXINDEX,stock
VLF,Cong ty Co phan Luong thuc Thuc pham Vinh Long,UPCOMINDEX,stock
VMC,Cong ty Co phan VIMECO,HNXINDEX,stock
VMD,Cong ty Co phan Y Duoc pham Vimedimex,VNINDEX,stock
VMS,Cong ty Co phan Phat trien Hang Hai,HNXINDEX,stock
VMG,Cong ty Co phan Thuong mai va Dich vu Dau khi Vung Tau,UPCOMINDEX,stock
ABC,Cong ty Co phan Truyen thong VMG,UPCOMINDEX,stock
MGC,Cong ty Co phan Dia chat mo - TKV,UPCOMINDEX,stock
VMA,Cong ty Co phan Cong nghiep O to Vinacomin,UPCOMINDEX,stock
MTS,Cong ty Co phan Vat tu - TKV,UPCOMINDEX,stock
VNA,Cong ty Co phan Van tai bien Vinaship,UPCOMINDEX,stock
AIC,Tong Cong ty Co phan Bao hiem Hang khong,UPCOMINDEX,stock
HVN,Tong Cong ty Hang khong Viet Nam - CTCP,VNINDEX,stock
VNC,Cong ty Co phan Tap doan Vinacontrol,HNXINDEX,stock
VGV,Tong Cong ty Tu van Xay dung Viet Nam - CTCP,UPCOMINDEX,stock
CGV,Cong ty Co phan Vinaceglass,UPCOMINDEX,stock
TMB,Cong ty Co phan Kinh doanh Than Mien Bac - Vinacomin,HNXINDEX,stock
VND,Cong ty Co phan Chung khoan VNDIRECT,VNINDEX,stock
VNE,Tong Cong ty Co phan Xay dung dien Viet Nam,VNINDEX,stock
E12,Cong ty Co phan Xay Dung Dien VNECO 12,UPCOMINDEX,stock
VNF,Cong ty Co phan Vinafreight,HNXINDEX,stock
BMV,Cong ty Co phan Bot my Vinafood 1,UPCOMINDEX,stock
VSF,Tong Cong ty Luong thuc Mien Nam - Cong ty Co phan,UPCOMINDEX,stock
VNG,Cong ty Co phan Du Lich Thanh Thanh Cong,VNINDEX,stock
VNZ,Cong ty Co phan VNG,UPCOMINDEX,stock
VNH,Cong ty Co phan Dau tu Viet Viet Nhat,UPCOMINDEX,stock
VNI,Cong ty Co phan Dau tu Bat dong san Viet Nam,UPCOMINDEX,stock
VNL,Cong ty Co phan Logistics Vinalink,VNINDEX,stock
MVN,Tong Cong ty Hang hai Viet Nam - CTCP,UPCOMINDEX,stock
VLG,Cong ty Co phan VIMC Logistics,UPCOMINDEX,stock
VNM,Cong ty Co phan Sua Viet Nam,VNINDEX,stock
VPD,Cong ty Co phan Phat trien Dien luc Viet Nam,VNINDEX,stock
DVN,Tong Cong ty Duoc Viet Nam - CTCP,UPCOMINDEX,stock
VNP,Cong ty Co phan Nhua Viet Nam,UPCOMINDEX,stock
VNR,Tong Cong ty Co phan Tai bao hiem Quoc gia Viet Nam,HNXINDEX,stock
GVR,Tap doan Cong nghiep Cao su Viet Nam - Cong ty Co phan,VNINDEX,stock
VNS,Cong ty Co phan Anh Duong Viet Nam,VNINDEX,stock
TVN,Tong Cong ty Thep Viet Nam - Cong ty Co phan,UPCOMINDEX,stock
VNT,Cong ty Co phan Giao nhan Van tai Ngoai Thuong,HNXINDEX,stock
VXT,Cong ty Co phan Kho van va dich vu thuong mai,UPCOMINDEX,stock
VNY,Cong ty Co phan Thuoc thu y Trung uong I,UPCOMINDEX,stock
VNX,Cong ty Co phan Quang cao va Hoi cho Thuong mai Vinexad,UPCOMINDEX,stock
VOC,Tong Cong ty Cong nghiep Dau thuc vat Viet Nam - Cong ty Co phan,UPCOMINDEX,stock
VOS,Cong ty Co phan Van tai Bien Viet Nam,VNINDEX,stock
VSA,Cong ty Co phan Dai ly Hang hai Viet Nam,HNXINDEX,stock
VPB,Ngan hang Thuong mai Co phan Viet Nam Thinh Vuong,VNINDEX,stock
VPC,Cong ty Co phan Dau tu va Phat trien Nang luong Viet Nam,UPCOMINDEX,stock
VPG,Cong ty Co phan Dau tu Thuong mai Xuat nhap khau Viet Phat,VNINDEX,stock
VPH,Cong ty Co phan Van Phat Hung,VNINDEX,stock
VPR,Cong ty Co phan VINAPRINT,UPCOMINDEX,stock
VPA,Cong ty Co phan Van tai Hoa dau VP,UPCOMINDEX,stock
VPI,Cong ty Co phan Dau tu Van Phu - Invest,VNINDEX,stock
VPW,Cong ty Co phan Cap thoat nuoc so 1 Vinh Phuc,UPCOMINDEX,stock
NVP,Cong ty Co phan Nuoc sach Vinh Phuc,UPCOMINDEX,stock
VQC,Cong ty Co phan Giam dinh Vinaconmin,UPCOMINDEX,stock
VRC,Cong ty Co phan Bat dong san va Dau tu VRC,VNINDEX,stock
VRG,Cong ty Co phan Phat trien Do thi va Khu Cong nghiep Cao Su Viet Nam,UPCOMINDEX,stock
VRE,Cong ty Co phan Vincom Retail,VNINDEX,stock
VSC,Cong ty Co phan Container Viet Nam,VNINDEX,stock
VSE,Cong ty Co phan Dich vu Duong cao toc Viet Nam,UPCOMINDEX,stock
VSG,Cong ty Co phan Container Phia Nam,UPCOMINDEX,stock
VSH,Cong ty Co phan Thuy dien Vinh Son - Song Hinh,VNINDEX,stock
VSI,Cong ty Co phan Dau tu va Xay dung Cap thoat nuoc,VNINDEX,stock
VST,Cong ty Co phan Van tai va Thue Tau bien Viet Nam,UPCOMINDEX,stock
VTA,Cong ty Co phan VITALY,UPCOMINDEX,stock
VTB,Cong ty Co phan Viettronics Tan Binh,VNINDEX,stock
VTC,Cong ty Co phan Vien Thong VTC,HNXINDEX,stock
VTE,Cong ty Co phan VINACAP Kim Long,UPCOMINDEX,stock
VGG,Tong Cong Ty Co phan May Viet Tien,UPCOMINDEX,stock
VGI,Tong Cong ty Co phan Dau tu Quoc te Viettel,UPCOMINDEX,stock
VTH,Cong ty Co phan Day cap dien Viet Thai,HNXINDEX,stock
VTI,Cong ty Co phan San xuat - Xuat nhap khau Det may,UPCOMINDEX,stock
VTJ,Cong ty Co phan Thuong mai va Dau tu VI NA TA BA,HNXINDEX,stock
VTK,Cong ty Co phan Tu van va Dich vu Viettel,UPCOMINDEX,stock
VTL,Cong ty Co phan Vang Thang Long,UPCOMINDEX,stock
VTM,Cong ty Co phan Van tai va Dua don tho mo - Vinacomin,UPCOMINDEX,stock
VTO,Cong ty Co phan Van tai Xang dau VITACO,VNINDEX,stock
VTP,Tong Cong ty Co phan Buu chinh Viettel,VNINDEX,stock
VTQ,Cong ty Co phan Viet Trung Quang Binh,UPCOMINDEX,stock
VTS,Cong ty Co phan Gach Ngoi Tu Son,UPCOMINDEX,stock
VBB,Ngan hang Thuong mai Co phan Viet Nam Thuong Tin,UPCOMINDEX,stock
DLT,Cong ty Co phan Du lich va Thuong mai - Vinacomin,UPCOMINDEX,stock
VTV,Cong ty Co phan Nang luong va Moi truong VICEM,HNXINDEX,stock
CAB,Cong ty Co phan Tong Cong ty Truyen hinh Cap Viet Nam,UPCOMINDEX,stock
VTX,Cong ty Co phan Van tai Da phuong thuc VIETRANSTIMEX,UPCOMINDEX,stock
CLH,Cong ty Co phan Xi mang La Hien VVMI,HNXINDEX,stock
VLW,Cong ty Co phan Cap nuoc Vinh Long,UPCOMINDEX,stock
VW3,Cong ty Co phan VIWASEEN3,UPCOMINDEX,stock
VCW,Cong ty Co phan Dau tu Nuoc sach Song Da,UPCOMINDEX,stock
VXB,Cong ty Co phan Vat lieu xay dung Ben Tre,UPCOMINDEX,stock
VXP,Cong ty Co phan Thuoc Thu y Trung uong VETVACO,UPCOMINDEX,stock
WCS,Cong ty Co phan Ben xe Mien Tay,HNXINDEX,stock
WSB,Cong ty Co phan Bia Sai Gon - Mien Tay,UPCOMINDEX,stock
WSS,Cong ty Co phan Chung khoan Pho Wall,HNXINDEX,stock
WTC,Cong ty Co phan Van tai thuy - Vinacomin,UPCOMINDEX,stock
X20,Cong ty Co phan X20,HNXINDEX,stock
X26,Cong ty Co phan 26,UPCOMINDEX,stock
X77,Cong ty Co phan Thanh An 77,UPCOMINDEX,stock
EPH,Cong ty Co phan Dich vu Xuat ban Giao duc Ha Noi,UPCOMINDEX,stock
DFC,Cong ty Co phan Xich lip Dong Anh,UPCOMINDEX,stock
XMC,Cong ty co phan Dau tu va Xay dung Xuan Mai,UPCOMINDEX,stock
XMD,Cong ty Co phan Xuan Mai - Dao Tu,UPCOMINDEX,stock
CQT,Cong ty Co phan Xi mang Quan Trieu VVMI,UPCOMINDEX,stock
XPH,Cong ty Co phan Xa phong Ha Noi,UPCOMINDEX,stock
XHC,Cong ty Co phan Xuan Hoa Viet Nam,UPCOMINDEX,stock
XMP,Cong ty Co phan Thuy dien Xuan Minh,UPCOMINDEX,stock
YBC,Cong ty Co phan Xi mang va Khoang san Yen Bai,UPCOMINDEX,stock
YBM,Cong ty Co phan Khoang san Cong nghiep Yen Bai,VNINDEX,stock
YEG,Cong ty Co phan Tap doan Yeah1,VNINDEX,stock
YTC,Cong ty Co phan Xuat nhap khau Y te Thanh pho Ho Chi Minh,UPCOMINDEX,stock
HNX30,HNX30,HNXINDEX,index
HNXINDEX,HNXINDEX,HNXINDEX,index
UPCOM,UPCOMINDEX,UPCOMINDEX,index
VN30,VN30,VNINDEX,index
VNINDEX,VNINDEX,VNINDEX,index
