Ticker,webID,Industry
A32,http://32jsc.com,3765
AAA,https://anphatbioplastics.com,1353
AAH,https://thanhopnhat.com/,1771
AAM,http://www.mekongfish.vn,3573
AAS,https://www.sisi.com.vn,8777
AAT,http://tiensonaus.com,3763
AAV,http://aavgroup.com.vn,8633
ABB,http://www.abbank.vn,8355
ABC,https://vmgmedia.vn/home/index,6575
ABI,https://abic.com.vn,8536
ABR,http://www.vbinvest.com.vn,2791
ABS,http://www.bitagco.com,5379
ABT,https://aquatexbentre.com,3573
ABW,https://www.abs.vn,8777
ACB,https://www.acb.com.vn,8355
ACC,https://www.becamexacc.com.vn,2353
ACE,http://www.aceco.com.vn,2353
ACG,https://www.ancuong.com,1733
ACL,https://clfish.com,3573
ACM,http://www.acuonggroup.vn,1775
ACS,http://www.acsc.com.vn,2357
ACV,https://www.vietnamairport.vn,2777
ADC,http://adc.net.vn,5557
ADG,https://clevergroup.vn,5555
ADP,http://adongpaint.com.vn,2353
ADS,http://damsanjsc.vn,3763
AFX,https://afiex.com.vn,5337
AG1,http://www.agtex28-1.com,3763
AGF,https://agifish.com.vn,3573
AGG,https://www.angia.com.vn,8633
AGM,http://www.angimex.com.vn,3577
AGP,https://agimexpharm.com,4577
AGR,https://www.agriseco.com.vn,8777
AGX,http://www.agrexsaigon.com.vn,5337
AIC,https://bhhk.com.vn,8536
ALT,https://alta.com.vn,5557
ALV,http://www.alvico.vn,2357
AMC,http://www.amcvina.vn,1775
AMD,https://flcstone.vn,8633
AME,https://alphanamec.com.vn,2737
AMP,http://www.armephaco.com.vn,4577
AMS,https://amecc.com.vn,2797
AMV,http://amvibiotech.com,4535
ANT,http://www.antesco.com,3577
ANV,https://navicorp.com.vn,3573
APC,https://www.apic.com.vn,4573
APF,http://www.apfco.com.vn,3577
APG,http://www.apsi.vn,8777
API,https://apeci.com.vn,8633
APL,http://www.apluco.vn,2757
APP,http://app.com.vn,1357
APS,https://apec.com.vn,8777
APT,http://www.apt.com.vn,3573
APH,https://anphatholdings.com,2723
ARM,http://www.airimex.vn,2797
ART,https://bos.vn,8777
ASA,http://www.asacorp.com.vn,3767
ASG,https://asg.net.vn,2777
ASM,http://saomaigroup.com,3573
ASP,http://www.anphapetrol.com,7573
AST,https://www.tasecoairs.vn,5379
ATA,http://www.ntacocorp.com.vn,3573
ATB,http://anthinhjsc.com.vn,2357
ATG,https://atajsc.vn,1775
ATS,http://www.atesco.vn,5757
AVC,http://avuong.com,7535
AVF,http://www.anvifish.com,3573
B82,http://www.congty482.com.vn,2357
BAB,http://www.baca-bank.vn,8355
BAF,https://baf.vn,3573
BAL,http://www.balpac.com.vn,2723
BAX,https://bauxeo.com.vn,2357
BBC,http://www.bibica.com.vn,3577
BBH,http://www.baobihoangthach.vn,2723
BBM,http://www.biahanoinamdinh.com,3533
BBS,https://butsonpackaging.vn,2723
BBT,https://bongbachtuyet.com.vn,3767
BCA,https://bch.com.vn,1757
BCB,http://www.congtycophan397.com.vn,1771
BCC,http://ximangbimson.com.vn,2353
BCE,http://www.becamexbce.com.vn,2357
BCF,http://bichchi.com.vn,3577
BCG,https://www.bamboocap.com.vn,8775
BCM,https://becamex.com.vn,8633
BCP,http://enlie.vn,4577
BCR,https://www.bcgland.com.vn,2357
BCV,http://www.ksbanggiangcaobang.com.vn,5753
BDB,http://www.sachthietbibinhdinh.com.vn,5557
BDG,http://www.protradegarment.com,3763
BDT,http://www.dongthapbmc.vn,2353
BDW,http://binhdinhwaco.com.vn,7577
BED,http://www.danangbook.com,5557
BEL,http://www.belco.com.vn,3743
BFC,https://binhdien.com,1357
BGW,https://bacgiangwsc.com.vn,7577
BHA,https://thuydienbacha.vn,7535
BHC,https://bienhoabcc.vn,2353
BHG,http://bienhotea.com.vn,3537
BHI,https://bshc.com.vn,8536
BHK,http://www.hkbeco.vn,3533
BHN,http://www.habeco.com.vn,3533
BHP,http://www.biahaiphong.vn,3533
BIC,http://www.bic.vn,8536
BID,https://www.bidv.com.vn,8355
BIG,https://biginvestgroup.vn,8637
BII,https://louisholdings.vn,8633
BIO,https://biopharco2.com.vn,4577
BKC,http://backanco.com,1775
BKG,http://www.bkgvietnam.com,3767
BLF,http://www.baclieu-vegetables.vn,3573
BLI,https://baolonginsurance.com.vn,8536
BLN,https://lienninh.com.vn,5759
BLT,http://www.bidifood.vn,3577
BMC,http://www.bimico.vn,1775
BMD,https://moitruongdothibinhthuan.vn,2799
BMF,https://chatdotdongnai.com,7573
BMG,http://www.bmig.com.vn,3763
BMI,https://www.baominh.com.vn,8536
BMJ,http://www.becamexbmj.com.vn,1775
BMN,http://www.congty715.com.vn,2357
BMP,http://www.binhminhplastic.com,2353
BMS,http://www.bmsc.com.vn,8777
BMV,http://www.vnf1flour.com.vn,3577
BNA,https://banhbaongoc.vn,3577
BNW,https://nuocsachbacninh.vn,7577
BOT,http://www.botcauthaiha.com.vn,2357
BPC,http://www.baobibimson.vn,2723
BQB,http://www.biaquangbinh.com,3533
BRC,https://www.berubco.com.vn,1353
BRR,http://baruco.com.vn,1353
BRS,http://dothibaria.com,2799
BSA,https://thuydienbuondon.vn,7535
BSC,http://www.btsc.com.vn,5379
BSD,https://saigondongxuan.com.vn,3570
BSG,https://saigonbus.com.vn,5759
BSH,http://www.sabecohanoi.com.vn,3533
BSI,http://www.bsc.com.vn,8777
BSL,http://sasobeco.com.vn,3533
BSP,http://www.saigonphutho.com.vn,3533
BSQ,http://sabecoquangngai.com.vn,3533
BSR,https://bsr.com.vn,533
BST,http://www.stbbt.com.vn,5557
BT1,https://psc1.com,1357
BT6,http://www.beton6.com,2353
BTB,http://www.tbbeco.com.vn,3533
BTD,http://www.betongthuduc.com,2353
BTG,http://www.tigipack.com.vn,2723
BTN,http://www.tuynenbinhdinh.com.vn,2353
BTP,http://www.btp.com.vn,7535
BTS,http://www.vicembutson.com.vn,2353
BTT,https://benthanhtsc.com,5373
BTU,http://www.congtrinhdothibentre.vn,2799
BTV,https://benthanhtourist.com,5759
BTW,https://capnuocbenthanh.com,7577
BTH,https://ctbt.com.vn,2737
BVB,https://bvbank.net.vn,8355
BVG,http://www.bacvietgroup.com,1757
BVH,https://www.baoviet.com.vn,8575
BVL,http://bvland.vn,8637
BVN,https://bongvietnam.com.vn,3767
BVS,http://www.bvsc.com.vn,8777
BWA,https://capnuocbaoloc.com,7577
BWE,http://www.biwase.com.vn,7577
BWS,http://www.bwaco.com.vn,7577
BXH,http://www.hcpc.vn,2723
C12,http://www.congtycpcau12.vn,2357
C21,http://www.c21.com.vn,8633
C22,http://www.congty22.net.vn,3577
C32,http://www.cic39.vn,2353
C47,http://www.xaydung47.vn,2357
C4G,https://cienco4.vn,2357
C69,https://cpxd1369.com.vn,2357
C92,http://c92.com.vn,2357
CAB,https://www.vtvcab.vn,5553
CAD,http://www.cadovimex.com.vn/,3573
CAG,http://www.angiangport.com.vn,2777
CAN,http://www.canfoco.com.vn,3577
CAP,http://www.yfatuf.com.vn,1737
CAR,https://trivietgroup.edu.vn,2793
CAT,http://seaprimexco.com,3573
CBI,https://gtcb.com.vn,1757
CBS,http://www.miaduongcaobang.vn,3577
CC1,https://www.cc1.vn,2357
CC4,http://icon4.com.vn,2357
CCA,http://www.caseamex.com.vn,3573
CCI,http://www.cidico.com.vn,7573
CCL,http://www.pvcl.com.vn,8633
CCM,http://www.ximangcantho.vn,2353
CCP,http://www.cuacamport.com.vn,2777
CCR,https://camranhport.vn,2777
CCT,http://www.canthoport.com.vn,2777
CCV,http://www.vcc.com.vn,2357
CDC,https://chuongduongcorp.vn,2357
CDG,https://gachngoicauduong.com,2353
CDH,http://www.ctcc.com.vn,2799
CDN,https://danangport.com,2777
CDO,http://www.cddc.vn,2357
CDP,https://codupha.com.vn,4577
CDR,http://www.dorucon.com.vn,2357
CE1,http://cie1.com.vn,2757
CEG,http://www.cie.com.vn,2357
CEN,http://www.cencon.vn,5373
CEO,http://ceogroup.com.vn,8633
CET,https://cetholding.vn,3767
CFM,http://www.cfminvestment.com,2793
CFV,http://www.thangloicoffee.com.vn,3537
CGV,http://www.vinaceglass.com,2353
CI5,http://www.cic5.com.vn,2357
CIA,http://www.cias.vn,2777
CID,http://www.cinde.com.vn,2357
CIG,http://www.coma18.vn,2357
CII,https://cii.com.vn,2357
CIP,http://www.cipc.com.vn,2357
CJC,http://www.cemc.com.vn,2737
CK8,https://cokhi120.com,8633
CKA,http://www.cokhiangiang.com.vn,2757
CKD,http://ckda.vn,2757
CKG,https://cicgroups.com,8633
CKV,http://www.cokyvina.com.vn,9578
CLC,http://www.catloi.com.vn,3785
CLG,http://www.cotecland.com.vn,8633
CLH,http://www.ximanglahien.com.vn,2353
CLL,http://catlaiport.com.vn,2777
CLM,https://coalimex.vn,1771
CLW,http://www.capnuoccholon.com.vn,7577
CLX,https://www.cholimex.vn,3577
CMC,http://www.cmci.com.vn,3353
CMD,http://www.cmid.com.vn,2353
CMF,https://cholimexfood.com.vn,3577
CMG,http://www.cmc.com.vn,9533
CMI,https://cmistone.vn,2353
CMK,http://www.cokhimaokhe.com.vn,2757
CMM,https://cmmseafood.com.vn,3577
CMN,http://www.comifood.com,3577
CMP,https://chanmayport.com.vn,2777
CMS,https://cmhgroup.vn,2357
CMT,https://www.infonet.com.vn,9537
CMV,http://www.tncm.com.vn,5373
CMW,http://www.ctncamau.com.vn,7577
CMX,http://www.camimex.com.vn,3573
CNC,https://www.traphacocnc.com,4577
CNN,https://coninco.com.vn,2790
CNT,http://www.cnt.com.vn,2357
CNG,https://www.cngvietnam.com,7573
COM,http://comeco.vn,5379
CPA,http://phuocancoffee.com.vn,3537
CPC,http://www.tstcantho.com.vn,1357
CPI,http://www.cailanportinvest.com.vn,2777
CPH,http://www.maihoatanghaiphong.vn,5377
CQN,https://quangninhport.com.vn,2777
CQT,http://ximangquantrieu.com,2353
CRC,http://createcapital.vn,2353
CRE,https://cenland.vn,8633
CSC,http://www.cotanagroup.vn,2357
CSI,http://www.vncsi.com.vn,8777
CSM,http://www.casumina.com,3357
CST,http://thancaoson.vn,1771
CSV,https://www.sochemvn.com,1357
CT3,http://ct3.com.vn,2357
CT6,http://www.ctcpct6.com.vn,2357
CTA,http://www.vinavicogroup.com,2357
CTB,http://www.hpmc.com.vn,2757
CTC,http://gialaitourist.com.vn,5759
CTD,http://www.coteccons.vn,2357
CTF,https://cityford.com.vn,3353
CTG,http://www.vietinbank.vn,8355
CTI,http://www.cuongthuan.vn,2357
CTN,http://www.vinavico.com,2357
CTP,https://minhkhangctp.com,3537
CTS,https://www.cts.vn,8777
CTT,http://chetaomay.com.vn,2757
CTW,https://ctn-cantho.com.vn,7577
CTX,http://ctx.vn,2357
CTR,https://viettelconstruction.com.vn,2357
CVN,http://vinamgroup.com.vn,4535
CVT,https://cmctile.com.vn,2353
CX8,http://www.constrexim8.com.vn,2357
CYC,http://www.changyih-ceramic.com,2353
CH5,http://www.ch5.vn,2357
CHC,http://www.camhafurniture.com,2353
CHP,https://chp.vn,7535
CHS,https://chieusang.com,7575
D11,http://www.diaoc11.com.vn,8633
D17,https://dongtanvn.com,1775
D2D,http://www.d2d.com.vn,8633
DAC,https://www.382donganh.com,2353
DAD,http://iseebooks.vn,5557
DAE,http://www.sachgiaoduc.com,5557
DAG,http://www.dag.com.vn,1353
DAH,https://www.mayplazahotel.com,5753
DAN,http://www.danapha.com,4577
DAS,http://daesco.vn,2753
DAT,http://www.trisedco.com,3573
DBC,http://www.dabaco.com.vn,3573
DBD,https://bidiphar.com,4577
DBM,http://www.bamepharm.com.vn,4577
DBT,https://bepharco.com,4577
DC1,https://dic1.vn,2357
DC2,https://dic2.vn,2357
DC4,https://diccons.vn,2357
DCF,https://decofi.vn,2357
DCG,http://www.dagarco.vn,3763
DCL,http://dcl.com.vn,4577
DCM,https://www.pvcfc.com.vn,1357
DCR,http://www.dacera.com.vn,2353
DCS,http://daichau.com,3726
DCT,http://donac.net,2353
DCH,http://www.hcsc.vn,8637
DDG,https://dongduongcorp.com.vn,7573
DDH,http://gtdthp.com.vn,2777
DDM,https://dongdomarine.com.vn,2773
DDN,https://dapharco.com.vn,4577
DDV,http://www.dap-vinachem.com.vn,1357
DFC,http://www.xichlipda.vn,1757
DFF,https://duafat.com.vn,2357
DGC,http://ducgiangchem.vn,1357
DGT,https://dgtc.vn,2357
DGW,https://digiworld.com.vn,5379
DHA,http://www.hoaan.com.vn,2353
DHB,https://damhabac.com.vn,1357
DHC,https://dohacobentre.com.vn,1737
DHD,https://hdpharma.vn,4577
DHG,http://www.dhgpharma.com.vn,4577
DHM,https://dhmjsc.vn,1775
DHN,http://hanoipharma.com.vn,4577
DHP,https://hapemco.vn,2737
DHT,http://www.hataphar.com.vn,5333
DIC,http://www.dic-intraco.vn,2357
DID,http://www.dicdongtien.vn,2353
DIG,http://www.dic.vn,8633
DIH,http://www.dichoian.com,2357
DKC,http://www.chodongkinh.com.vn,5373
DL1,https://www.a7group.vn,2777
DLD,http://www.daklaktourist.com.vn,5753
DLG,http://www.duclonggroup.com,1733
DLR,http://www.dalatreal.com.vn,2357
DLT,http://www.vttc.net.vn,5759
DM7,https://detmay7.com.vn,3763
DMC,https://www.domesco.com,4577
DMN,http://www.domenal.com.vn,3573
DMS,http://www.dmcs.com.vn,7573
DNA,http://www.diennuocag.com.vn,7577
DNC,http://diennuochp.com.vn,7535
DND,http://www.vatlieudongnai.vn,2353
DNE,http://www.moitruongdothidanang.com.vn,2799
DNL,http://www.danalog.com.vn,2777
DNM,http://danameco.com,4537
DNN,https://dawaco.com.vn,7577
DNP,https://dnpcorp.vn,2353
DNT,http://www.dulichdongnai.com.vn,5755
DNW,https://dowaco.vn,7577
DNH,https://www.dhd.com.vn,7535
DOC,http://docam.vn,1357
DOP,http://dopetco.com.vn,2779
DP1,http://www.cpc1.com.vn,4577
DP2,http://www.dopharma.vn,4577
DP3,https://duocphamtw3.com,4577
DPC,http://www.danaplast.vn,2723
DPG,http://www.datphuong.com.vn,2357
DPM,http://www.dpm.vn,1357
DPP,http://www.donaipharm.com.vn,4577
DPR,http://www.doruco.com.vn,1353
DPS,http://www.dautusocson.com,1757
DPH,https://haipharco.vn,4577
DQC,https://dqc.vn,3726
DRC,https://drc.com.vn,3357
DRG,https://dakruco.com,1353
DRH,http://www.drh.vn,8633
DRI,http://www.dri.com.vn,1353
DRL,http://www.pc3hp.com.vn,7535
DS3,http://www.duongsong3.vn,2777
DSC,https://www.dsc.com.vn,8777
DSD,https://dhcsuoidoi.vn,5755
DSE,https://dnse.com.vn,8777
DSG,http://www.kinhdapcau.vn,2353
DSN,http://www.damsenwaterpark.com.vn,5755
DSP,http://phuthotourist.vn,5759
DST,http://www.saothanglong.vn,5557
DSV,http://www.duongsatvinhphu.com,2775
DTA,http://www.detamland.com,8633
DTB,https://congtydothibaoloc.com,2799
DTC,http://viglaceradtc.com.vn,2353
DTD,http://thanhdathanam.vn,8633
DTE,http://dttholdings.com.vn,7535
DTG,https://tipharco.vn,4577
DTI,http://www.ductrung.vn,5753
DTK,http://www.vinacominpower.vn,7535
DTL,http://daithienloc.com.vn,1757
DTP,https://cpc1hn.com.vn,4577
DTT,http://www.dothanhtech.com,1353
DTV,http://www.diennongthontv.com,7535
DTH,https://thephaco.vn,4535
DUS,http://dothidalat.com.vn,2799
DVC,http://www.dichvucang.com,7573
DVG,http://www.davipaint.com,2353
DVM,https://duoclieuvietnam.com.vn,4577
DVN,http://www.vinapharm.com.vn,4577
DVP,http://www.dinhvuport.com.vn,2777
DVW,http://www.dvxdcn.com,2357
DWC,http://www.dakwaco.com.vn,7577
DWS,https://dowasen.com,7577
DXG,https://www.datxanh.vn,8633
DXL,http://tocolimexlangson.com,5753
DXP,http://doanxaport.com.vn,2777
DXS,https://datxanhservices.vn,8637
DXV,http://coxiva.com.vn,2353
DZM,http://www.dzima.com,2757
E12,http://www.vneco12.com.vn,2357
E1VFVN30,https://dragoncapital.com.vn,8985
E29,http://www.congty29.vn,2357
EBS,http://www.sachgiaoduchanoi.vn,5557
ECI,http://www.bandotranhanh.vn,5557
EFI,http://www.efi.vn,8633
EIB,https://eximbank.com.vn,8355
EIC,http://evni.vn,2357
EID,http://www.heid.vn,5557
EIN,http://ecinvest.vn,5753
ELC,https://www.elcom.com.vn,9578
EME,http://emec.vn,2737
EMG,http://www.emesco.com.vn,2737
EMS,http://www.ems.com.vn,2771
EPC,https://eapokcafe.com,3537
EPH,http://xbgdhn.vn,5557
EVE,https://everpia.vn,3763
EVF,http://www.evnfc.vn,8773
EVG,http://www.everland.vn,2357
EVS,https://www.eves.com.vn,8777
FBA,http://www.uslight.vn,3726
FBC,http://www.fomeco.vn,2757
FCC,http://www.lhtp.com.vn,3533
FCM,http://feconmining.com.vn,2353
FCN,http://www.fecon.com.vn,2357
FCS,http://www.foodcosa.vn,3577
FDC,http://www.fidecovn.com,8633
FGL,http://gialaicoffee.com.vn,3537
FHN,http://www.vihafood.com,5337
FHS,http://www.fahasasg.com.vn,5557
FIC,https://www.fico.com.vn,2353
FID,http://www.vndi.vn,8637
FIR,https://fir.vn,8633
FIT,https://fitgroup.com.vn,8775
FLC,http://www.flc.vn,8633
FMC,https://www.fimexvn.com,3573
FOC,http://www.fptonline.net,5555
FOX,https://fpt.vn,6535
FPT,https://www.fpt.com.vn,9537
FRC,https://forexco.com.vn,1733
FRM,http://www.forimex.vn,1733
FRT,https://frt.vn,5379
FSO,http://www.dongtauthuysan.vn,2753
FT1,http://www.futu1.com.vn,2757
FTI,http://www.ftic.vn,3355
FTM,http://www.fortex.com.vn,3763
FTS,http://www.fpts.com.vn,8777
FUEMAV30,http://www.fundmanagement-miraeasset.com.vn,8985
FUEVFVND,https://dragoncapital.com.vn,8985
G20,http://www.ghome.vn,3763
G36,http://36corp.com,2357
GAB,https://flcgab.vn,2353
GAS,https://www.pvgas.com.vn,7573
GCB,http://petecbidico.com.vn,7573
GCF,https://gcfood.com.vn,3577
GDA,http://www.tondonga.com.vn,1757
GDT,https://goducthanh.com,3726
GDW,http://www.capnuocgiadinh.vn,7577
GEE,https://gelex-electric.com,2737
GEG,https://geccom.vn,7535
GER,http://www.gerusport.com.vn,1353
GEX,https://gelex.vn,2737
GGG,http://www.giaiphong.com.vn,3353
GH3,http://giaothonghanoi.com.vn,2357
GHC,https://ghc.vn,7535
GKM,https://khangminhgroup.com,2353
GLC,http://www.vanglaocai.com.vn,1777
GLT,https://toancau.vn,3743
GLW,http://www.capnuocgialai.com,7577
GMA,https://g-automobile.vn,3353
GMC,http://www.garmex.vn,3763
GMD,http://www.gemadept.com.vn,2777
GMH,http://minhhungqt.vn,2353
GMX,http://www.myxuan-vt.com.vn,2353
GND,http://www.tuildonai.com.vn,2353
GPC,https://greenplus.group,4577
GSM,https://thuydienhuongson.vn,7535
GSP,http://www.gasshipping.com.vn,2773
GTA,http://gothuanan.vn,1733
GTD,http://www.thuongdinhfootwear.com.vn,3765
GTS,http://www.giaothongsaigon.com.vn,2357
GTT,http://www.thuanthao.com.vn,5755
GVR,https://vnrubbergroup.com,1353
GVT,http://www.giayviettri.com,1737
GIC,https://greenicd.com.vn,2777
GIL,https://www.gilimex.com,3763
H11,http://www.hud101.vn,2357
HAC,https://haseco.vn,8777
HAD,http://habecohd.com.vn,3533
HAF,http://thucphamhanoi.com.vn,3577
HAG,http://www.hagl.com.vn,3573
HAH,https://haiants.vn,2777
HAI,http://www.congtyhai.com,1357
HAM,http://hamaco.vn,2353
HAN,https://www.hancorp.vn,2357
HAP,https://hapaco.vn,1737
HAR,http://www.adtdgroup.com,8633
HAS,https://has.vn,2357
HAT,http://www.biahoihanoi.com.vn,3533
HAV,http://www.haprovodka.vn,3535
HAX,http://www.haxaco.com.vn,3353
HBC,https://hbcg.vn,2357
HBD,http://www.haipacbd.com,2723
HBH,https://habecohaiphong.com.vn,3533
HBS,http://www.hbse.com.vn,8777
HC1,http://hacc1.com.vn,2357
HC3,http://haco3.com.vn,2357
HCB,http://www.hachiba.com.vn,3763
HCC,http://www.betonghoacam.com.vn,2353
HCD,http://www.hcdgroup.com.vn,1353
HCI,http://www.hancic.com.vn,2357
HCM,https://www.hsc.com.vn,8777
HCT,https://vtxmhp.com,2779
HD6,http://www.handico6.com.vn,8633
HD8,http://hud8.vn,8633
HDA,http://hangsondonga.com.vn,2353
HDB,https://hdbank.com.vn,8355
HDC,http://www.hodeco.vn,8633
HDG,https://hado.com.vn,8633
HDM,http://www.huegatex.com.vn,3763
HDO,http://www.hungdaocontainer.com.vn,2723
HDP,http://hadiphar.vn,4577
HDW,http://hdwaco.com.vn,7577
HEC,http://hec2.vn,2791
HEJ,http://www.hec.com.vn,2357
HEP,http://www.hepco.com.vn,2799
HES,http://www.congvienhotay.vn,5755
HEV,http://hevobco.com.vn,5557
HFB,http://caupha.com,2357
HFC,http://www.hanoifuel.com.vn,7573
HFX,http://haforexim.com.vn,5373
HGM,https://hgm.vn,1775
HGT,https://www.huonggiangtourist.com,5759
HHC,http://www.haihaco.com.vn,3577
HHG,http://www.hoanghaco.com.vn,5759
HHN,http://www.vantaihanoi.com.vn,2777
HHP,https://www.hhppaper.com,1737
HHR,http://www.duongsathahai.vn,2775
HHS,http://www.hoanghuyhhs.vn,3353
HHV,https://hhv.com.vn,2357
HID,http://www.halcom.vn,2357
HIG,https://hipt.vn,9537
HII,https://antienindustries.com,1353
HIO,http://helioenergy.vn,7535
HJC,http://www.hoavietjsc.com,3785
HJS,https://thuydiennammu.com.vn,7535
HKB,http://www.hakinvest.com,3577
HKT,http://www.egovietnam.com.vn,3537
HLA,http://www.huulienasia.com.vn,1757
HLB,https://www.biahalong.com,3533
HLC,https://halamcoal.com.vn,1771
HLD,http://www.hudland.com.vn,8633
HLS,http://www.hoceratec.com.vn,2733
HLT,http://halotexco.com.vn,3763
HLY,http://viglacerahalong.vn,2353
HMC,https://metalhcm.com.vn,1757
HMG,http://hns.com.vn,1757
HMH,http://www.haiminh.com.vn,2779
HMR,https://rcchoangmai.vn,2353
HMS,https://hcmcc.com.vn,2357
HNA,http://huana.com.vn,7535
HNB,https://benxehanoi.vn,2777
HND,http://www.ndhp.com.vn,7535
HNF,https://huunghi.com.vn,3577
HNI,http://www.hugamex.vn,3763
HNM,http://www.hanoimilk.com.vn,3577
HNP,https://hanelplastics.com.vn,1353
HNR,http://halico.com.vn,3535
HNG,https://haagrico.com,3573
HOM,https://ximanghoangmai.vn,2353
HOT,http://www.hoiantourist.com,5759
HPB,http://www.haipacpp.com,2723
HPD,http://www.thuydiendakdoa.vn,7535
HPG,http://www.hoaphat.com.vn,1757
HPI,https://www.hiepphuoc.com/,8633
HPM,http://www.hoangphucasia.com,1775
HPP,https://sonhaiphong.com.vn/,2353
HPT,https://hpt.vn/,9537
HPW,https://capnuochaiphong.com.vn,7577
HPX,https://haiphat.com.vn,8633
HPH,http://www.hungphathabac.com.vn,1357
HQC,https://hoangquan.com.vn,8633
HRB,http://www.harec.com.vn,8633
HRC,http://www.horuco.com.vn,1353
HSA,http://hestia.vn,2791
HSG,https://info.hoasengroup.vn,1757
HSI,https://hsi.com.vn,1357
HSL,http://www.honghagroup.com.vn,3577
HSM,http://www.hanosimex.com.vn,3763
HSP,http://www.sondaibang.com.vn,2353
HSV,https://hsvvietnam.com,1757
HT1,https://www.vicemhatien.com.vn,2353
HTC,http://www.hotraco.com.vn,7573
HTE,https://tradincorp.vn,7535
HTG,http://www.hoatho.com.vn,3763
HTI,https://www.idico.com.vn,2357
HTL,http://www.truonglong.com,3353
HTM,http://www.haprogroup.vn,5373
HTN,http://www.hungthinhincons.com.vn,8633
HTP,http://inhoaphat.vn,5557
HTT,http://thuongmaihatay.vn,5373
HTV,http://www.vantaihatien.com.vn,2773
HU1,http://hud1.com.vn,2357
HU3,http://www.hud3.com.vn,2357
HU4,http://www.hud4.vn,2357
HUB,https://www.xaylaphue.com.vn,2357
HUG,http://hugaco.vn,3763
HUT,http://www.tasco.com.vn,2357
HVA,https://hva.group,3573
HVG,http://www.hungvuongpanga.com,3573
HVH,http://www.hvcgroup.net,2357
HVN,https://www.vietnamairlines.com/vn/vi/home,5751
HVT,http://vitrichem.vn,1357
HVX,https://haivancement.vn,2353
HWS,https://huewaco.com.vn,7577
IBC,http://www.apaxholdings.com.vn,8775
IBD,http://www.intonghopbd.com.vn,5557
ICC,http://www.xdcn.com.vn,2357
ICF,http://www.incomfish.com,3573
ICG,http://www.incomex.com.vn,2357
ICI,http://ici.com.vn,2357
ICN,http://idicoconac.vn,2357
ICT,http://www.ctin.vn,9537
IDC,http://www.idico.com.vn,8633
IDI,https://www.idiseafood.com,3573
IDJ,https://www.idjf.vn,8633
IDP,http://www.idp.vn,3577
IDV,http://www.vpid.vn,8633
IFS,https://www.wonderfarmonline.com,3537
IHK,http://www.aviprint.com.vn,5557
IJC,https://becamex.com.vn,8633
ILA,http://ilagroup.com.vn,3573
ILB,http://www.icdlongbinh.com,2777
ILC,http://www.inlacohp.com.vn,2793
ILS,http://www.interserco.com.vn,2723
IME,http://imecovn.com.vn,2757
IMP,https://www.imexpharm.com,4577
IN4,http://www.inso4.com,5557
INC,http://www.idico-incon.com.vn,2357
INN,https://appprintco.com,2723
IPA,http://ipa.com.vn,2791
IRC,http://www.donarubber.com.vn,1353
ISG,http://www.inlacosaigon.com,2773
ISH,http://www.idico-shp.com.vn,7535
IST,https://www.icdsongthan.com.vn,2777
ITA,http://www.itaexpress.com.vn,8633
ITC,http://www.intresco.com.vn,8633
ITD,https://www.itd.com.vn/,9572
ITQ,http://www.inoxthienquang.com.vn,1757
ITS,http://itasco.vn,2750
IVS,https://gtjai.com.vn,8777
JOS,http://www.jostoco.com,3573
JVC,http://www.ytevietnhat.com.vn,4535
KAC,http://www.khangan.com,8633
KBC,http://www.kinhbaccity.vn,8633
KOS,https://kosy.vn,8637
KCB,http://cmamc.com.vn,1775
KCE,http://kpceco.com.vn,2353
KDC,https://www.kdc.vn,3577
KDH,https://www.khangdien.com.vn,8633
KDM,https://gclgroup.vn,2357
KGM,http://www.kigimex.com.vn,5373
KIP,https://kipvietnam.vn,2737
KKC,https://thanhthaigroup.com.vn,1757
KLB,https://kienlongbank.com,8355
KLF,https://cfscorp.vn,5755
KLM,http://congtykimloaimaunghetinh.com,1755
KMR,http://miraejsc.com,3763
KMT,http://www.cevimetal.com.vn,1757
KPF,https://kpf.com.vn,2353
KSB,http://bimico.com.vn,1775
KSD,http://www.hangermetal.com,3722
KSF,https://ksf.vn,8633
KSH,http://damac.com.vn,1775
KSQ,http://www.cnccapital.com.vn,1775
KST,http://www.kasati.com.vn,9578
KSV,https://vimico.vn,1775
KTC,http://www.ktcvn.com.vn,3577
KTL,http://tlmw.com.vn,1757
KTS,http://www.ktsduongkontum.vn,3577
KTT,https://kttgroup.vn,2357
KVC,http://kimvico.com.vn,1757
KHD,https://khoangsanhaiduong.com,1770
KHG,https://khaihoanland.vn,8633
KHL,http://www.khoangsanhunglong.com,2353
KHP,https://pckhanhhoa.cpc.vn,7535
KHS,http://www.kihuseavn.com,3573
KHW,http://ctnkh.com.vn,7577
L10,http://www.lilama10.com.vn,2757
L12,https://www.licogi12.com,2357
L14,http://www.licogi14.vn,2357
L18,http://www.licogi18.com.vn,2357
L35,http://www.lilamaemc.com.vn,2757
L40,https://l40.vn,2357
L43,https://lilama45-3.com,2757
L44,http://www.lilama454.com.vn,2757
L45,http://www.lilama45-1.com,2357
L61,http://www.lilama69-1.com.vn,2757
L62,http://lilama69-2.com.vn,2757
L63,http://www.lilama69-3.vn,2757
LAF,http://www.lafooco.vn,3577
LAI,http://www.idico-linco.com.vn,2357
LAS,https://supelamthao.vn,1357
LAW,http://www.lawaco.com.vn,7577
LBC,http://www.haprolongbien.vn,5373
LBE,http://www.sachthietbila.com.vn,5557
LBM,http://lbm-vn.vn,2353
LCC,http://www.ximanglangson.com.vn,2353
LCD,http://emetc.vn,2357
LCG,https://lizen.vn,2357
LCM,http://www.khoangsanlaocai.com.vn,1775
LCS,http://licogi166.vn,2357
LDG,https://www.ldginvestment.vn,8637
LDP,https://ladophar.com,4577
LDW,https://lawaco.com,7577
LEC,http://lec.com.vn,8633
LG9,http://www.licogi9.com.vn,2357
LGC,http://www.ciibr.com.vn,2357
LGL,http://www.longgiangland.com.vn,8633
LGM,https://legamex.vn,3763
LHC,http://www.lhc.com.vn,2357
LHG,https://longhau.com.vn,8633
LIC,https://licogi.vn,2357
LIG,http://www.licogi13.com.vn,2357
LIX,http://www.lixco.com,3767
LKW,http://www.capnuoclongkhanh.com.vn,7577
LLM,https://lilama.com.vn,2757
LM3,http://lilama3.vn,2357
LM7,https://lilama7.com.vn,2757
LM8,http://www.lilama18.com.vn,2357
LMC,http://longbeachlmc.vn,1775
LMH,https://quocteholding.vn/vi/home,8633
LMI,http://www.lamaidico.com.vn,2757
LNC,http://www.leninh.vn,1353
LO5,http://www.lilama5.com.vn,2757
LPB,https://lpbank.com.vn/,8355
LPT,http://lapphuongthanh.vn,2793
LQN,http://www.licogiqngai.com,2757
LSG,http://www.landsaigon.vn,8633
LSS,http://www.lasuco.com.vn,3577
LTC,http://www.ltc.com.vn,9572
LTG,https://loctroi.vn,1357
LUT,http://www.luongtaigroup.com,2357
M10,http://www.garco10.com.vn,3763
MA1,http://www.machinco1.com.vn,8633
MAC,http://www.maserco.com.vn,2753
MAS,http://www.masco.com.vn,5759
MBB,https://www.mbbank.com.vn,8355
MBG,http://mbg.vn,2353
MBN,https://moitruongdothibacninh.com.vn,2799
MBS,http://mbs.com.vn,8777
MCC,http://www.gachngoicaocap.com,2353
MCF,http://mecofood.com.vn,3577
MCG,http://www.mecojsc.vn,2357
MCM,https://www.mcmilk.com.vn,3577
MCO,http://www.mcovietnam.com.vn,2357
MCP,http://www.mychau.com.vn,2723
MCH,http://www.masanconsumer.com,3577
MDA,http://www.moitruongdonganh.vn,2799
MDC,http://mongduongcoal.vn,1771
MDF,http://mdfquangtri.vn,1733
MDG,http://miendong.com.vn,2353
MEC,http://www.someco.com.vn,2357
MED,http://www.mediplantex.com,4577
MEF,http://www.meinfavn.com,4537
MEL,http://melinsteel.vn,1757
MES,http://www.mesc.com.vn,2357
MFS,http://mobifoneservice.com.vn,6575
MGC,http://www.minegeology.vn,1775
MGG,http://www.mayducgiang.com.vn,3763
MGR,https://www.mgroup.vn,8633
MH3,http://www.blip.vn,8633
MHC,https://mhc.vn,2779
MHL,http://www.minghuulien.com,1757
MIC,http://www.minco.com.vn,1775
MIE,https://mie.com.vn,2757
MIG,https://www.mic.vn,8536
MIM,http://www.mimeco.vn,1775
MKP,http://www.mekophar.com,4577
MKV,http://www.mekovet.com.vn,4577
MLC,https://moitruongdothilaocai.com.vn,2799
MLS,http://www.mitraco.com.vn,3573
MML,https://www.masanmeatlife.com.vn,3577
MNB,http://www.nhabe.com.vn,3763
MND,http://www.moitruongnamdinh.com.vn,2799
MND,https://moitruongnamdinh.com.vn,7570
MPC,https://minhphu.com,3573
MPT,http://mptgroup.com.vn,3763
MPY,http://www.mtdtphuyen.vn,2799
MQB,http://www.urencoquangbinh.com.vn,2799
MQN,https://moitruongdothiquangngai.com.vn,2799
MRF,http://www.merufa.com.vn,4535
MSB,https://msb.com.vn,8355
MSH,https://www.songhong.vn,3763
MSN,https://www.masangroup.com,3577
MSR,https://masanhightechmaterials.com,1775
MST,http://www.mmst.vn,2357
MTA,https://mitraco.com.vn,1775
MTB,http://moitruongdothithaibinh.com/,2799
MTC,http://dulichmytra.com.vn,5757
MTG,http://mtgas.com.vn,7573
MTL,http://moitruongdothituliem.com.vn,2799
MTP,https://medipharco.vn,4577
MTS,http://www.vmts.vn,2797
MTV,http://dothivungtau.com.vn,2799
MTH,http://moitruongdothi.com.vn,2799
MVB,https://cmv.vn,1775
MVC,http://www.vlxdbd.com.vn,2353
MVN,https://vimc.co,2773
MWG,https://mwg.vn,5379
NAB,http://www.namabank.com.vn,8355
NAC,http://www.nagecco.com,2357
NAF,http://www.nafoodsgroup.com.vn,3537
NAG,https://nagakawa.com.vn,2733
NAP,https://nghetinhport.vn,2777
NAS,https://nasco.com.vn,2777
NAU,http://www.moitruongdothinghean.com,2799
NAV,http://www.navifico.vn,2353
NAW,http://www.nawasco.com.vn,7577
NBB,http://nbb.com.vn,8633
NBC,http://nuibeo.com.vn,1771
NBE,http://stbmienbac.vn,5557
NBP,http://nbtpc.com.vn,7535
NBT,https://capnuocbentre.vn,7577
NBW,https://capnuocnhabe.vn,7577
NCG,https://novaconsumer.com.vn,3573
NCS,http://www.noibaicatering.com.vn,3577
NCT,http://www.noibaicargo.com.vn,2777
ND2,http://nedi2.com.vn,7535
NDC,https://namduoc.vn,4577
NDF,http://www.namdinhfoods.com,3577
NDN,https://ndn.com.vn,8633
NDP,http://www.nadyphar.com.vn,4577
NDT,http://www.natexco.com.vn,3763
NDW,http://capnuocnamdinh.vn,7577
NDX,https://ndx.com.vn,2353
NED,https://ned.vn,2357
NEM,https://neem-electric.vn,2737
NET,http://www.netcovn.com.vn,3767
NFC,https://niferco.com.vn,1357
NJC,http://www.nagaco.com,3763
NKG,https://tonnamkim.com/,1757
NLG,https://www.namlongvn.com,8633
NLS,http://www.capthoatnuoclangson.com.vn,7577
NNC,http://nuinho.vn,2353
NNT,http://www.capnuocninhthuan.com,7577
NO1,https://911group.com.vn,2757
NOS,https://ostc.com.vn,2773
NQB,http://capnuocquangbinh.vn,7577
NQN,http://quawaco.com.vn,7577
NQT,http://www.qtwaco.vn,7577
NRC,https://danhkhoi.com.vn,8633
NS2,http://www.hawater.com.vn,7577
NSC,https://www.vinaseed.com.vn,3573
NSG,http://www.saigonplastic.com.vn,1353
NSH,http://www.shalumi.com.vn,1753
NSL,http://capnuocsonla.vn,7577
NSS,http://www.dolicovn.com,3573
NST,http://www.nganson.vn,3785
NT2,https://www.pvpnt2.vn,7535
NTB,http://www.congty584.com.vn,8633
NTC,http://www.namtanuyen.com.vn,8633
NTF,http://www.dnapharma.com.vn,4577
NTL,https://lideco.vn,8633
NTP,https://nhuatienphong.vn,2353
NTT,http://nhatrangtex.com,3763
NTW,http://www.ntw.com.vn,7577
NTH,http://www.thuydiennuoctrong.com.vn,7535
NUE,http://urenconhatrang.com.vn,2799
NVB,https://www.ncb-bank.vn,8355
NVL,http://www.novaland.com.vn,8633
NVP,http://vinhphucwater.com.vn,7577
NVT,https://ninhvanbay.vn,8633
NWT,https://newwayjsc.com.vn,5759
NXT,http://www.kovalixa.net,2353
NGC,http://www.ngoprexco.com.vn,3573
NHA,http://www.namhanoi.com.vn,2357
NHC,http://www.gachngoinhihiep.com,2353
NHH,https://www.hanoiplastics.com.vn,1353
NHP,http://www.nhpvietnam.com,2723
NHT,http://www.namhoatoys.vn,3747
NHV,http://www.nhv.com.vn,1755
OCB,https://www.ocb.com.vn,8355
OCH,http://www.och.vn,3577
ODE,https://ode.vn,5553
OGC,http://www.oceangroup.vn,8775
OIL,http://www.pvoil.com.vn,533
ONE,http://www.one.com.vn,9572
ONW,http://www.oneworld.vn,5755
OPC,https://opcpharma.com,4577
ORS,https://tpbs.com.vn,8777
PAC,https://www.pinaco.com,2733
PAI,https://www.paic.pvn.vn,9530
PAN,https://thepangroup.vn,3577
PAP,http://pap.vn,2777
PAS,http://www.phuonganhgroup.com.vn/,1757
PAT,https://pacvietnam.vn,1357
PBC,https://pharbaco.com.vn,4577
PBP,https://pbp.vn,2723
PBT,http://www.pvbuilding.com.vn,2723
PC1,http://pc1group.vn,2357
PCC,http://www.pcc1.petrolimex.com.vn,2357
PCE,http://www.pce.vn,1357
PCF,http://www.petecof.vn,3537
PCG,http://www.pvgascity.com.vn,7573
PCM,http://pcm.vn,2353
PCN,http://www.pvdmcn.com.vn,1357
PCT,http://www.pct.com.vn,2779
PCH,https://picomat.vn,1353
PDB,https://dincapital.com,2353
PDC,http://www.phuongdongpv.com.vn,5759
PDN,http://www.dongnai-port.com,2777
PDR,https://www.phatdat.com.vn,8633
PDV,https://pvtlogistics.vn,2773
PEC,https://www.evn.com.vn,2757
PEG,https://petec.com.vn,7573
PEN,http://www.penjico.petrolimex.com.vn,2357
PEQ,http://www.peco.com.vn,573
PET,http://www.petrosetco.com.vn,5379
PFL,http://daukhidongdo.vn,2357
PGB,https://www.pgbank.com.vn,8355
PGC,http://www.pgas.petrolimex.com.vn,7573
PGD,https://www.pvgasd.com.vn,7573
PGN,https://pgn.com.vn,1353
PGS,https://www.pgs.com.vn,7573
PGT,http://www.pgt-holdings.com,5759
PGV,http://www.genco3.com,7535
PGI,https://www.pjico.com.vn,8536
PIA,http://www.piacom.com.vn,6535
PIC,https://pc3invest.cpc.vn,7535
PID,http://www.pvcid.vn,2357
PIS,http://www.pisico.vn,1733
PIT,http://www.pitco.com.vn,5373
PIV,http://www.piv.vn,8637
PJC,https://petajicohanoi.com.vn,7573
PJS,http://www.phuwaco.com.vn,7577
PJT,https://pjtaco.petrolimex.com.vn,2773
PLA,http://www.pland.petrolimex.com.vn,8633
PLC,https://plc.petrolimex.com.vn,1357
PLE,http://www.pec.petrolimex.com.vn,2357
PLO,http://www.peteclogistics.com.vn,2777
PLP,https://phaleplastics.com.vn,1353
PLX,https://www.petrolimex.com.vn,533
PMB,http://www.pmb.vn,1357
PMC,http://www.pharmedic.com.vn,4577
PMG,http://www.petrocenter.com.vn,7573
PMJ,http://potmasco.com.vn,9578
PMP,http://www.dpmp.vn,2723
PMS,https://pms.petrolimex.com.vn,2757
PMT,https://telvina.vn,9578
PMW,http://www.pmw.vn,7577
PNC,http://www.pnc.com.vn,5557
PND,http://pvoilnamdinh.com.vn,7573
PNJ,https://www.pnj.com.vn,3767
PNP,http://www.phuhuuport.com,2773
PNT,http://pntc.vn,2357
PNG,http://www.pnco.vn,5373
POB,http://www.pvoilthaibinh.com,7573
POM,http://www.pomina-steel.com,1757
POS,https://www.ptsc.com.vn,0570
POT,http://postef.com.vn,9572
POV,http://www.pvoilvungang.com,7573
POW,https://pvpower.vn,7535
PPC,http://ppc.evn.vn,7535
PPE,https://pvpe.vn,2791
PPI,http://www.ppigroup.com.vn,8633
PPP,https://duocphongphu.com.vn,4577
PPS,http://www.pvps.vn,2791
PPT,https://petrotimesgroup.com,7573
PPY,http://www.pvoilphuyen.com.vn,7573
PPH,http://www.phongphucorp.com,3763
PQN,http://ptscquangngai.com.vn,2777
PRC,http://www.portserco.com,2779
PRE,http://www.pvire.com.vn,8538
PRO,https://procimex.com.vn,3577
PRT,http://www.protrade.com.vn,1737
PSB,http://www.pvsb.com.vn,2357
PSC,https://ptssaigon.petrolimex.com.vn,2779
PSD,http://www.psd.com.vn,5379
PSE,http://www.pse.vn/vi,1357
PSG,http://www.pvcsg.com.vn,2357
PSH,https://nshpetro.vn,7573
PSI,https://www.psi.vn,8777
PSL,http://www.channuoiphuson.com.vn,3573
PSN,https://ptscthanhhoa.com.vn,2777
PSP,http://www.ptscdinhvu.com.vn,2779
PSW,http://www.psw.vn,1357
PTB,http://phutai.com.vn,1733
PTC,http://www.ptic.vn,2357
PTD,http://www.phucthinh.com.vn,2357
PTE,http://www.ximangphutho.com.vn,2353
PTG,http://www.phanthietgarment.com.vn,3763
PTI,https://www.pti.com.vn,8536
PTL,https://victorycapital.com.vn,8633
PTO,http://www.ptco.com.vn,2357
PTP,http://www.ptp.vn,6535
PTS,http://www.ptshp.petrolimex.com.vn,2779
PTT,http://www.pvtrans-ptt.com,2779
PTV,https://petechim.com.vn,573
PTX,http://www.ptsnghetinh.petrolimex.com.vn,2779
PTH,https://ptshatay.petrolimex.com.vn,7573
PV2,http://www.pv2.com.vn,8633
PVA,http://www.pvnc.com.vn,2357
PVB,http://www.pvcoating.vn,573
PVC,https://pvchem.com.vn,573
PVD,http://www.pvdrilling.com.vn,573
PVE,http://www.pve.vn,573
PVG,https://pvgaslpg.com.vn,7573
PVH,http://pvc-th.vn,2357
PVI,https://www.pvi.com.vn,8536
PVL,http://vpr.vn,8633
PVM,https://pvmachino.vn,2797
PVO,http://www.lube.pvoil.vn,1357
PVP,https://pacificshipping.vn,2779
PVR,http://www.pvr.vn,8633
PVS,http://www.ptsc.com.vn,573
PVT,http://www.pvtrans.com,2773
PVV,http://www.pvv.com.vn,2357
PVX,https://petrocons.vn,2357
PVY,http://www.pvshipyard.com.vn,2357
PWA,https://www.petrowaco.vn,8633
PWS,http://www.capthoatnuocpy.com.vn,7577
PX1, ,2353
PXA,http://www.pvit.com.vn,8633
PXC,http://www.pvccm.vn,8633
PXI,http://www.pvc-ic.com.vn,2357
PXL,https://www.longsonpic.vn,8633
PXM,http://www.pvcmt.vn,2357
PXS,http://www.pvc-ms.vn,2357
PXT,http://www.pvc-pt.vn,2357
PHC,http://www.phuchung.com.vn,2357
PHH,http://honghavietnam.vn,2357
PHN,http://www.habaco.com.vn,2733
PHP,https://haiphongport.com.vn,2777
PHR,http://www.phr.vn,1353
PHS,https://www.phs.vn,8777
QBS,http://www.quangbinhjsc.com.vn,1357
QCC,http://www.qtc.vn,2357
QCG,http://www.quoccuonggialai.com.vn,8633
QHD,https://viwelco.com.vn,2727
QHW,http://www.nuockhoangquangninh.com.vn,3537
QNC,http://www.qncc.vn,2353
QNP,https://www.quynhonport.vn,2777
QNS,http://qns.com.vn,3577
QNT, ,2357
QNU,http://urencoquangnam.com,2799
QNW,http://capnuocqni.com.vn,7577
QPH,http://www.thuydienquephong.com.vn,7535
QSP,http://www.quynhonnewport.vn,2777
QST,http://sachquangninh.vn,5557
QTC,http://www.cotracoqna.vn,2357
QTP,http://www.quangninhtpc.com.vn,7535
RAL,https://rangdong.com.vn,3726
RAT,https://ratraco.vn,2779
RBC,https://rubico.com.vn,1353
RCC,https://rccgroup.vn,2357
RCD,http://www.rcd-vrg.vn,2357
RCL,http://www.cholonres.com.vn,8633
RDP,https://rangdongholding.com.vn,1353
REE,https://www.reecorp.com,2757
RIC,https://royalhalonghotel.com,5755
RTB,http://www.tabiruco.vn,1353
S12,http://www.sd12.com.vn,2357
S27,http://www.songda27.com.vn,2357
S4A,http://sesan4a.com.vn,7535
S55,http://www.songda505.com.vn,2357
S72,http://www.songda702.com.vn,2357
S74,http://www.songda704.com.vn,2357
S96,http://www.songda906.vn,2357
S99,http://scigroup.vn,2357
SAB,https://www.sabeco.com.vn,3533
SAC,http://www.sasteco.vn,2777
SAF,http://www.safocofood.com,3577
SAL,http://visal.com.vn,2753
SAM,http://samholdings.com.vn,9578
SAP,https://sapco.com.vn,5557
SAS,https://www.sasco.com.vn,5379
SAV,http://www.savimex.com.vn,1733
SB1,http://www.vidabeer.vn,3533
SBA,http://www.songba.vn,7535
SBB,http://www.sabibeco.com,3533
SBD,http://www.saobacdau.vn,9537
SBG,https://siba.com.vn,2727
SBH,https://sbh.vn,7535
SBL,http://www.biasaigonbaclieu.com,3533
SBM,http://sbm.com.vn,2357
SBR,http://caosusongbe.vn,1353
SBS,http://www.sbsc.com.vn,8777
SBT,https://ttcagris.com.vn,3577
SBV,http://www.siambrothersvn.com,5379
SC5,http://www.sc5.vn,2357
SCC,http://www.ximangsongda.vn,2353
SCD,https://www.cdbeco.com.vn,3537
SCG,https://scgr.vn,2357
SCI,http://scigroup.vn,2357
SCJ,http://ximangsaison.com,2353
SCL,http://www.songdacaocuong.vn,2353
SCO,http://www.seameco.com.vn,2757
SCR,https://ttcland.vn,8633
SCS,https://scsc.vn,5751
SCY,https://songcam.vn,2753
SD1,http://www.songda1.com.vn,2357
SD2,http://www.songda2.com.vn,2357
SD3,http://www.songda3.vn,2357
SD4,http://www.songda4.vn,2357
SD5,http://www.songda5.com.vn,2357
SD6,http://www.songda6.com.vn,2357
SD7,http://www.songda7.com.vn,2357
SD8,http://www.songda8.com.vn,2357
SD9,http://www.songda9.com,2357
SDA,http://www.simco.vn,2793
SDB,http://www.songda207.vn,2357
SDC,http://www.sdcc.com.vn,2791
SDD,http://songdaic.vn,2357
SDG,http://www.sadico.com.vn,2723
SDJ,http://www.songda25.com/default.aspx,2353
SDK,http://www.sadakim.vn,2757
SDN,http://www.dongnaipaint.com.vn,2353
SDP,http://www.sdp.com.vn,2353
SDT,http://www.songda10.com.vn,2357
SDU,http://www.dothisongda.com.vn,2357
SDV,http://news.sonadezi-sdv.com.vn,2799
SDX,http://www.pcccsongda.vn,2357
SDY,http://www.songdayaly.vn,2353
SEA,https://seaprodex.vn,3573
SEB,http://mientrungpid.com.vn,7535
SED,https://phuongnam.edu.vn,5557
SEP,http://www.sepon.com.vn,1353
SFC,http://www.sfc.com.vn,7573
SFG,https://phanbonmiennam.com.vn,1357
SFI,http://www.safi.com.vn,2773
SFN,http://www.sfn.vn,2797
SGB,https://www.saigonbank.com.vn,8355
SGC,https://sagiang.com.vn,3577
SGD,http://www.sgd.edu.vn,5557
SGH,https://saigonhotel.com.vn,5753
SGN,https://sags.vn,2777
SGP,http://www.saigonport.vn,2777
SGR,http://www.saigonres.com.vn,8633
SGS,https://saigonship.com.vn,2773
SGT,http://www.saigontel.vn,9535
SGI,https://www.saigon3group.com.vn,3763
SHA,http://www.sonhasg.com.vn,1757
SHB,https://www.shb.com.vn,8355
SHC,http://www.saigonmaritime.vn,2773
SHE,https://www.sonha.com.vn,3722
SHG,https://songhongcorp.com.vn,2357
SHI,http://www.sonha.com.vn,1757
SHN,http://shn.com.vn,1771
SHP,https://shp.vn,7535
SHS,https://www.shs.com.vn,8777
SID,https://scid.vn,8633
SIG,http://www.sodic.com.vn,2357
SII,https://saigonwater.com.vn,7577
SIP,http://www.saigonvrg.com,8633
SIV,https://sivico.com.vn/,1357
SJ1,https://himex.vn/vi,3573
SJC,http://www.songda101.com.vn,2357
SJD,https://candon.com.vn,7535
SJE,http://songda11.vn,2357
SJF,http://stdgroup.vn,1357
SJG,https://songda.vn,2357
SJM,http://songda19.com.vn,2357
SJS,https://sudicosd.com,8633
SKG,https://superdong.com.vn,5759
SKN,http://www.sanna.com.vn,3537
SKV,http://yensaokhanhhoasanest.com.vn,3537
SKH,http://www.sanestkhanhhoa.com.vn,3537
SLS,https://miaduongsonla.vn,3577
SMA,https://vcpholdings.com.vn,7535
SMB,https://biasaigonmt.com,3533
SMC,https://smc.vn,1757
SMN,https://sobee.vn,5557
SMT,https://sametel.com.vn,9578
SNC,http://www.seanamico.com.vn,3573
SNZ,https://sonadezi.com.vn,2357
SP2,http://supan2.net,7535
SPB,http://www.phubaispinning.com,3763
SPC,http://www.spchcmc.vn,1357
SPD,http://seadanang.com.vn,3573
SPI,https://spigroup.com.vn,1775
SPM,https://spm.com.vn,4577
SPV,https://seaspimex.com.vn,3573
SPH,http://www.seaprodexhanoi.com.vn,3573
SQC,https://sqcmining.vn,1775
SRA,http://www.sara.com.vn,9537
SRB,http://www.srb.vn,9537
SRC,http://src.com.vn,3357
SRF,https://searefico.com,2757
SSB,https://www.seabank.com.vn,8355
SSC,http://www.ssc.com.vn,3573
SSF,http://sashoco.vn,3765
SSG,http://www.seagullshipping.com.vn,2773
SSH,https://ssh.vn,8633
SSI,https://www.ssi.com.vn,8777
SSM,http://www.ssm.com.vn,1757
SSN,http://seaprodexsg.com,3573
ST8,http://www.st8.vn,9574
STB,http://www.sacombank.com.vn,8355
STC,http://www.stb.com.vn,5557
STG,http://www.sotrans.com.vn,2777
STK,https://theky.vn,3763
STL,http://www.songdathanglong.com.vn,8633
STP,http://www.stp.com.vn,2723
STS,https://vantaisaigon.vn,2779
STT,http://www.saigontourist-stt.com,5759
STW,http://www.soctrangwaco.vn,7577
STH,https://sthc.com.vn,5557
SVC,http://www.savico.com.vn,3353
SVD,http://www.vudang.vn,3763
SVG,http://sovigaz.com.vn,2727
SVH,https://songvang.info.vn,7535
SVI,https://sovi.com.vn,2723
SVN,https://solavina.vn,2357
SVT,http://www.savitechco.vn,1737
SWC,https://sowatco.com.vn,2773
SZB,https://szb.com.vn,8633
SZC,https://sonadezichauduc.com.vn,8633
SZE,https://sze.com.vn,2799
SZG,http://www.sonadezi-giangdien.vn,8633
SZL,http://www.szl.com.vn,8633
TA3,http://congty386.com.vn,2357
TA6,http://www.congty665.com.vn,2357
TA9,http://www.thanhan96.vn,2357
TAL,http://www.tasecoland.vn,8633
TAN,http://www.caphethuanan.com.vn,3537
TAR,https://trunganrice.com,3573
TAW,http://capnuoctrungan.vn,7577
TB8,http://www.vttbvietbac-vvmi.com.vn,2723
TBC,https://www.thacba.vn,7535
TBD,https://www.eemc.com.vn,2737
TBH,https://tongbachhoa.vn,2777
TBR,https://tanbinhres.com.vn,8633
TBT,http://www.tbtco.vn,2357
TBX,https://ximangthaibinh.vn,2353
TCB,https://techcombank.com,8355
TCD,https://www.tracodi.com.vn,2357
TCI,https://tcsc.vn,8777
TCJ,http://www.tochau.vn,3573
TCK,http://www.coma.vn,2357
TCL,http://tancanglogistics.com,2779
TCM,http://www.thanhcong.com.vn,3763
TCO,https://www.tasaduyenhai.com,2779
TCR,http://www.taicera.com,2353
TCT,http://www.catour.com.vn,5759
TCW,http://tancangwarehousing.com.vn,2777
TCH,http://www.hoanghuy.vn,8633
TDB,http://www.thuydiendinhbinh.vn,7535
TDC,https://www.becamextdc.com.vn,8637
TDF,https://trungdo.vn,2353
TDG,http://www.thaiduongpetrol.vn,7573
TDH,http://www.thuduchouse.vn,8633
TDM,http://www.tdmwater.vn,7577
TDP,https://thuanducjsc.com.vn,2723
TDS,https://thepthuduc.com.vn,1757
TDT,http://www.tdtgroup.vn,3763
TDW,https://www.thuducwater.vn,7577
TED,https://tedi.vn,2357
TEG,https://www.tegroup.com.vn,8633
TEL,http://www.telcom.vn,2357
TET,http://www.textaco.vn,3763
TFC,http://www.trangcorporation.com,3577
TGG,https://thegoldengroup.vn,2357
TGP,http://www.truongphucable.vn,2733
TID,https://tinnghiacorp.com.vn,8633
TIE,http://www.tiegroup.vn,2733
TIG,https://tig.vn,8633
TIN,https://www.vietcredit.com.vn,8771
TIP,https://tinnghiaip.com.vn,8633
TIS,https://tisco.com.vn,1757
TIX,http://www.tanimex.com.vn,8633
TJC,http://www.transco.com.vn,2779
TKA,http://tankhanhan.com,2723
TKG,http://tungkhanh.com.vn,1757
TKU,http://www.tungkuang.com.vn,1753
TL4,http://www.thuyloi4.com.vn,2357
TLD,http://thanglongdeco.com/,8633
TLG,http://www.thienlonggroup.com,3724
TLH,http://www.tienlensteel.com.vn,1757
TLI,https://maythangloi.com.vn,3763
TLP,http://www.thalexim.vn,7573
TLT,http://www.viglacerathanglong.com.vn,2353
TMB,https://thanmienbac.vn,1771
TMC,http://www.timexcothuduc.com.vn,7573
TMG,https://kimloaimau.com.vn,1757
TMP,https://tmhpp.com.vn,7535
TMS,http://transimex.com.vn,2777
TMT,https://tmt-vietnam.com,3353
TMW,http://www.wood-tanmai.com.vn,1733
TMX,https://tmx.com.vn,2353
TN1,https://roxkey.vn,8633
TNA,https://thiennamgroup.vn,1757
TNB,http://www.nbsteel.vn,1757
TNC,http://trc.com.vn,1353
TNI,https://thanhnamgroup.com.vn,1757
TNM,http://www.tranimexco.com.vn,2357
TNP,http://www.thinaiport.com.vn,2777
TNS,http://www.tnsteel.vn,1757
TNT,https://tnt-group.vn,1775
TNW,http://www.nuocsachthainguyen.vn,7577
TNG,https://tng.vn,3763
TNH,https://tnh.com.vn,4533
TOP,http://www.toponejsc.com,5373
TOS,https://tancangoffshore.com,573
TOT,http://transimextrans.com.vn,2779
TOW,https://tranoc-omonwaco.com.vn/,7577
TPB,https://tpb.vn,8355
TPC,http://tandaihungplastic.com,1353
TPP,http://tanphuvietnam.vn,2723
TPS,http://www.benbaivantaisaigon.com.vn,5759
TPH,http://www.sachgiaoduchanoi.vn,5557
TQN,http://www.quangninhpine.vn,1733
TQW,http://capthoatnuoctuyenquang.vn,7577
TS3,http://truongson532.com.vn,2357
TS4,http://www.seafoodno4.com,3573
TSB,http://www.tiasangbattery.com,2733
TSC,http://www.tsccantho.com.vn,1357
TSD,http://www.truongsontourist.com.vn,5759
TSG,http://www.ttthsaigon.vn,2777
TSJ,https://hanoitoserco.com.vn,5759
TST,http://www.tst.com.vn,9533
TTA,https://truongthanhgroup.com.vn,7535
TTB,http://www.tienbo.vn,2353
TTC,http://www.thanhthanhceramic.com,2353
TTD,https://tamduchearthospital.com,4533
TTE,https://dientruongthinh.vn,7535
TTF,https://www.truongthanh.com,1733
TTG,http://www.hapro.com.vn,3763
TTL,http://tlg.com.vn,2357
TTN,https://vntt.com.vn,6535
TTS,https://ttr.com.vn,1757
TTT,http://www.tanitour.com.vn,5759
TTZ,http://ttzholdings.com.vn,2353
TTH,http://tienthanhjsc.vn,5371
TUG,http://www.tugtranco.vn,2777
TV1,http://www.pecc1.com.vn,2791
TV2,https://www.pecc2.com,2791
TV3,http://www.pecc3.com.vn,2357
TV4,http://www.pecc4.vn,2791
TV6,http://www.thinhvuongvn.com,5379
TVA,http://viglacerathanhtri.vn,2353
TVB,http://www.tvsc.vn,8777
TVC,http://tcorp.vn,8775
TVD,https://vangdanhcoal.com.vn,1771
TVG,https://www.tricc.vn,2357
TVH,http://www.cmbvn.com.vn,2357
TVM,http://vimcc.vn,2791
TVN,https://vnsteel.vn,1757
TVS,https://www.tvs.vn,8777
TVT,https://vietthang.com.vn,3763
TW3,https://duoctw3.com,4577
TXM,http://www.thachcaoximang.com.vn,2353
TYA,http://www.taya.com.vn,2733
TH1,https://ge1.com.vn,5337
THB,http://biathanhhoa.com.vn,3533
THD,https://thaiholdings.com.vn,8633
THG,http://ticco.com.vn,2357
THM,https://tuhaijsc.vn,3763
THN,http://www.capnuocth.vn,7577
THP,http://www.thuanphuoc.vn,3573
THS,http://thanhhoasongda.com.vn,5373
THT,http://www.hatucoal.vn,1771
THU,https://urencothanhhoa.com.vn,2799
THW,http://www.capnuoctanhoa.com.vn,7577
TR1,http://www.traco.vn,2777
TRA,https://traphaco.com.vn,4577
TRC,http://taniruco.com,1353
TRS,http://www.trasas.com.vn,2773
TRT,https://redstarcera.com,2353
UCT,http://www.congtrinhdothicantho.vn,2799
UDC,http://www.udec.com.vn,2357
UDJ,https://becamexudj.com.vn,2357
UDL,http://www.moitruongdothidaklak.com.vn,2799
UEM,http://www.codienuongbi.vn,2757
UIC,http://www.udico.com.vn,2357
UMC,http://www.congtrinhdothinamdinh.vn,2357
UNI,https://www.uninvest.vn,9533
UPC,https://upcgreen.com,7575
UPH,https://uphace.vn,4577
USC,http://www.usco.vn,2357
USD,http://ctdtst.vn,2799
V11,http://www.vinaconex11.com.vn,8633
V12,http://www.vinaconex12.com.vn,2357
V15,http://www.vinaconex15.com,2357
V21,https://vinaconex21.vn,8633
VAB,http://www.vietabank.com.vn,8355
VAF,https://vandienfmp.vn,1357
VAV,https://viwaco.vn,7577
VBB,http://www.vietbank.com.vn,8355
VBC,http://,2720
VBG,http://www.diachatvietbac.vn,1775
VBH,http://www.viettronics-binhhoa.com,2733
VC1,https://www.vinaconex1.com.vn,2357
VC2,https://vina2.com.vn,2357
VC3,https://nammekong.net,8637
VC5,http://www.vina5.vn,2357
VC6,http://visicons.vn,2357
VC7,https://bgi.vn,2357
VC9,https://vc9.vn,2357
VCA,http://www.vicasasteel.com,1757
VCB,https://vietcombank.com.vn,8355
VCC,https://vinaconex25.com.vn,2357
VCE,http://www.moitruongnhanco.vn,2357
VCF,https://www.vinacafebienhoa.com,3537
VCG,http://www.vinaconex.com.vn,2357
VCI,http://www.vcsc.com.vn,8777
VCM,http://www.bvlife.com.vn/vi/index.html,2793
VCP,https://vcpholdings.com.vn,7535
VCR,https://vinaconexitc.com.vn,8633
VCS,https://vicostone.com,2353
VCT,http://www.vinaconsult.com.vn,2791
VCW,http://www.viwasupco.com.vn,7577
VCX,http://www.ximangyenbinh.com,2353
VDB,http://www.vtcbdongbac.com.vn,1771
VDL,https://ladofoods.vn,3535
VDN,http://vinatexdn.com.vn,3763
VDP,http://www.vidipha.com.vn,4577
VDS,http://www.vdsc.com.vn,8777
VDT,http://www.luoithepbinhtay.com.vn,1757
VE1,http://www.vneco1.com.vn,2357
VE2,http://www.vneco2.com.vn,2357
VE3,http://www.vneco3.com.vn,2357
VE4,http://www.vneco4.com.vn,2357
VE8,http://www.vneco8.com.vn,2357
VE9,http://www.vneco9.com,2357
VEA,http://veamcorp.com,2757
VEC,http://www.veic.com.vn,9572
VEF,http://vefac.vn,5555
VES,http://www.mecavneco.com.vn,2757
VET,http://www.navetco.com.vn,1357
VFC,http://www.vinafco.com.vn,2773
VFG,https://www.vfc.com.vn,1357
VFR,http://www.vietfracht.com.vn,2773
VFS,https://www.vfs.com.vn,8777
VGC,http://www.viglacera.com.vn,2353
VGG,https://www.viettien.com.vn,3763
VGL,https://vingal.com,1757
VGP,https://www.vegeport.com.vn,2777
VGR,http://www.vipgreenport.com.vn,2777
VGS,https://vgpipe.com.vn,1757
VGT,http://vinatex.com.vn,3763
VGV,http://vncc.vn,8633
VGI,http://www.viettelglobal.vn,6575
VHC,https://www.vinhhoan.com,3573
VHD,https://vinahud.com.vn,8633
VHE,https://vinaherbfoods.com,4577
VHF,http://www.vinhha.com.vn,3577
VHG,http://viettrungnam.com.vn,2727
VHH,http://www.thanhdathouse.com.vn,2353
VHL,https://viglacerahalong.vn,2353
VHM,https://vinhomes.vn/vi,8633
VIB,https://www.vib.com.vn,8355
VIC,http://www.vingroup.net,8633
VID,http://www.dautuviendong.vn,1737
VIE,http://viteco.vn,9578
VIF,http://www.vinafor.com.vn,1733
VIG,http://www.vics.vn,8777
VIH,http://viglacerahanoi.com.vn,2353
VIM,http://khoangsanviglacera.com.vn,1775
VIN,http://vinatrans.com,2777
VIP,http://www.vipco.com.vn,2773
VIR,https://intourcoresort.com.vn,5753
VIT,www.viglaceratienson.com,2353
VIW,http://viwaseen.com.vn,2357
VIX,https://www.vixs.vn,8777
VJC,http://www.vietjetair.com,5751
VKC,https://vkcholdings.vn,3357
VKP,http://www.tanhoaplastic.vn,1353
VLA,http://www.vla.vn,9537
VLB,http://www.bbcc.com.vn,2353
VLC,http://www.vilico.vn,3573
VLF,http://www.vinhlongfood.com.vn,3577
VLG,https://vimclogistics.com.vn,2779
VLP,http://www.vipuco.vn,2799
VLW,http://capnuocvl.com.vn,7577
VMA,http://www.vmicauto.vn,3353
VMC,https://vimeco.com.vn,2357
VMD,https://vietpharm.com.vn,4577
VMG,http://www.vimexcogas.com.vn,7573
VMK, ,7535
VMS,http://vimadeco.com.vn,2777
VMT,http://www.vinatransdn.com.vn,2779
VNA,http://www.vinaship.com.vn,2773
VNB,https://savina.com.vn,5557
VNC,http://www.vinacontrol.vn,2791
VND,http://www.vndirect.com.vn,8777
VNE,https://vneco.vn,2357
VNF,http://www.vinafreight.com,2779
VNI,http://www.vinalandinvest.com.vn,8633
VNL,http://www.vinalinklogistics.com,2779
VNM,https://www.vinamilk.com.vn,3577
VNP,http://www.vinaplast.com.vn,1353
VNR,http://www.vinare.com.vn,8538
VNS,https://www.vinasuntaxi.com,5759
VNT,https://vntlogistics.com,2779
VNX,http://www.vinexad.com.vn,5555
VNY,http://www.vinavetco.com,1357
VNZ,https://vng.com.vn,5553
VNG,https://ttchospitality.vn,5753
VNH,http://vietnhat.com,3573
VOC,https://www.vocarimex.com.vn,3577
VOS,https://www.vosco.vn,2773
VPA,http://www.vptrans.vn,2773
VPB,https://www.vpbank.com.vn,8355
VPC,http://www.v-power.vn,2357
VPD,http://vnpd.com.vn,7535
VPG,http://www.vietphatjsc.com.vn,1775
VPI,https://vanphu.vn,8633
VPR,https://vinaprintcorp.com.vn,5557
VPS,https://vipesco.com.vn,1357
VPW,http://vinhphucwater.com.vn,7577
VPH,https://www.anphatholdings.vn,8633
VQC,http://www.quacontrol.com.vn,2791
VRC,https://vrc.com.vn,8633
VRE,https://vincom.com.vn,8633
VRG,https://vrg-vn.com,8633
VSA,https://vosa.com.vn,2779
VSC,https://viconship.com,2777
VSE,http://www.vecs.com.vn,2777
VSF,https://vinafood2.com.vn,3577
VSG,http://www.viconshipsg.com.vn,2777
VSH,http://www.vshpc.evn.com.vn,7535
VSI,http://www.waseco.com.vn,2357
VSM,http://www.viconshipdanang.com,2777
VSN,https://www.vissan.com.vn,3577
VST,http://www.vitranschart.com.vn,2773
VTA,http://www.vitaly.com.vn,2353
VTB,http://www.vtb.com.vn,2733
VTC,http://www.vtctelecom.com.vn,9578
VTD,http://www.vietourist.com.vn,5759
VTE,http://www.vinacap.vn,9578
VTG,http://www.vungtautourist.com.vn,5759
VTI,http://www.vinateximex.vn,3763
VTJ,https://vinainvest.com.vn,3785
VTK,https://www.vtk.com.vn,2791
VTL,https://vangthanglong.com.vn,3535
VTM,http://www.tmcs.vn,5759
VTO,https://vitaco.petrolimex.com.vn,2773
VTP,https://viettelpost.com.vn,2771
VTQ,http://www.viettrungqb.com.vn,1353
VTS,http://www.vtsc.vn,2353
VTV,http://www.vtvxm.vn,2353
VTX,http://www.vietranstimex.com.vn,2779
VTZ,https://vithacoplastic.com,1353
VTH,https://vietthaicable.vn,2733
VTR,https://www.vietravel.com.vn,5759
VUA,http://www.sbsi.vn,8777
VVN,http://www.vinaincon.com.vn,2357
VVS,https://vimid.vn,3353
VW3,http://www.viwaseen3.com.vn,2357
VWS,http://www.viwase.vn,7577
VXB,http://www.vlxdbentre.com,2353
VXP,http://www.vetvaco.com.vn,1357
VXT,http://vinatranco.com.vn,7573
WCS,https://www.bxmt.com.vn,2777
WSB,http://www.wsb-sabeco.com.vn,3533
WSS,http://www.wss.com.vn,8777
WTC,http://www.vantaithuytkv.vn,2773
X20,http://www.gatexco20.com.vn,3763
X26,http://www.has.com.vn,3763
X77,http://www.thanhan77.vn,2353
XDH,http://hcci.com.vn,8633
XHC,https://xuanhoa.vn,3726
XLV,http://www.songdasdsec.com.vn,2357
XMC,http://www.xmc.com.vn,2353
XMD,http://betongdaotu.com.vn,2353
XMP,https://vcpholdings.com.vn/xuanminh,7535
XPH,https://haso.vn,3767
YBC,http://ybcmjsc.com.vn,2353
YBM,https://ybm.com.vn,1775
YEG,https://yeah1group.com,5553
YTC,https://yteco.vn,4537
